dt,main.aqi,components.co,components.no,components.no2,components.o3,components.so2,components.pm2_5,components.pm10,components.nh3
1765281600,3,268.22,0.01,0.57,119.22,2.15,45.71,51.2,0.0
1765285200,3,271.5,0.0,0.58,116.13,1.83,42.45,47.7,0.0
1765288800,3,278.41,0.0,0.53,113.46,1.53,39.62,44.75,0.0
1765292400,3,285.68,0.0,0.5,110.87,1.26,36.7,41.72,0.0
1765296000,3,290.11,0.0,0.47,108.55,1.07,33.94,38.73,0.0
1765299600,3,291.69,0.0,0.44,107.41,0.95,31.91,36.31,0.0
1765303200,3,291.51,0.0,0.41,106.5,0.89,30.26,34.27,0.0
1765306800,3,291.26,0.0,0.41,104.93,0.97,28.68,32.21,0.0
1765310400,3,293.4,0.0,0.44,103.3,1.05,27.58,30.76,0.0
1765314000,3,296.61,0.0,0.45,102.88,1.09,27.14,30.1,0.0
1765317600,3,296.49,0.0,0.44,102.73,1.02,27.03,29.99,0.0
1765321200,3,296.57,0.0,0.42,102.41,0.9,27.19,30.2,0.0
1765324800,3,294.88,0.0,0.4,102.39,0.8,27.5,30.51,0.0
1765328400,3,293.23,0.0,0.36,103.89,0.75,28.81,31.72,0.0
1765332000,3,293.03,0.0,0.4,103.75,0.8,30.22,33.04,0.0
1765335600,3,293.89,0.02,0.46,103.15,0.89,31.49,34.26,0.0
1765339200,3,298.62,0.04,0.52,104.21,1.11,33.08,35.68,0.0
1765342800,3,305.12,0.05,0.65,105.13,1.42,34.68,37.16,0.0
1765346400,3,311.61,0.06,0.8,106.42,1.77,36.23,38.74,0.0
1765350000,3,315.9,0.07,0.78,110.09,2.0,38.34,40.97,0.0
1765353600,3,315.54,0.07,0.69,114.77,2.06,41.11,43.81,0.0
1765357200,3,313.78,0.07,0.66,119.15,2.05,43.79,46.53,0.0
1765360800,3,310.4,0.07,0.7,122.37,1.96,45.44,48.14,0.0
1765364400,3,305.76,0.06,0.8,124.66,1.89,45.79,48.41,0.0
1765368000,3,302.52,0.03,0.96,125.6,1.83,45.64,48.18,0.0
1765371600,3,300.42,0.0,1.03,125.9,1.8,45.19,47.68,0.0
1765375200,3,298.4,0.0,0.89,125.48,1.76,44.58,47.02,0.0
1765378800,3,295.67,0.0,0.79,124.39,1.68,43.91,46.34,0.0
1765382400,3,290.82,0.0,0.69,122.54,1.49,42.12,44.49,0.0
1765386000,3,287.88,0.0,0.64,121.43,1.39,40.68,43.0,0.0
1765389600,3,285.82,0.0,0.61,120.32,1.34,39.03,41.33,0.0
1765393200,3,278.83,0.0,0.63,115.67,1.33,32.15,34.28,0.0
1765396800,3,277.79,0.0,0.69,112.07,1.4,28.8,30.89,0.0
1765400400,3,278.68,0.0,0.79,109.67,1.56,27.83,30.01,0.0
1765404000,3,280.72,0.0,0.87,107.91,1.81,28.09,30.35,0.0
1765407600,3,282.18,0.0,0.85,107.02,1.97,29.54,31.91,0.0
1765411200,3,283.1,0.0,0.81,107.18,2.11,32.14,34.72,0.0
1765414800,3,284.59,0.0,0.78,108.27,2.26,35.92,38.99,0.0
1765418400,3,289.44,0.0,0.87,107.34,2.56,39.26,43.07,0.0
1765422000,3,295.7,0.01,1.11,106.18,2.91,42.34,47.02,0.0
1765425600,3,300.96,0.07,1.18,107.69,3.25,46.26,51.83,0.0
1765429200,4,303.83,0.08,1.09,112.0,3.35,50.36,56.47,0.0
1765432800,4,307.04,0.08,0.94,117.29,3.41,56.14,62.84,0.0
1765436400,4,307.97,0.07,0.77,122.81,3.38,62.49,69.63,0.0
1765440000,4,308.36,0.07,0.7,127.19,3.27,68.18,75.63,0.0
1765443600,4,306.64,0.06,0.69,130.67,3.15,73.01,80.78,0.0
1765447200,5,305.72,0.06,0.72,133.72,3.02,76.58,84.62,0.0
1765450800,5,302.08,0.05,0.82,135.32,2.88,78.52,86.69,0.0
1765454400,5,298.45,0.02,0.96,136.0,2.76,79.11,87.33,0.0
1765458000,5,294.95,0.0,0.96,135.4,2.6,78.38,86.44,0.0
1765461600,5,290.88,0.0,0.83,134.42,2.43,77.32,85.17,0.0
1765465200,5,288.56,0.0,0.76,133.73,2.34,76.85,84.6,0.0
1765468800,5,285.82,0.0,0.72,132.7,2.28,76.72,84.47,0.0
1765472400,5,283.0,0.0,0.69,132.39,2.23,77.2,85.07,0.0
1765476000,5,279.13,0.0,0.67,132.24,2.2,77.54,85.56,0.0
1765479600,5,275.96,0.0,0.65,131.78,2.24,77.78,86.09,0.0
1765483200,5,276.29,0.0,0.66,131.17,2.39,78.01,86.63,0.0
1765486800,5,279.59,0.0,0.72,128.9,2.62,77.16,86.01,0.0
1765490400,4,283.47,0.0,0.8,123.96,2.87,74.15,82.89,0.0
1765494000,4,287.59,0.0,0.9,118.75,3.09,70.38,78.8,0.0
1765497600,4,293.81,0.0,1.0,112.93,3.37,66.09,74.14,0.0
1765501200,4,302.15,0.0,1.1,107.34,3.74,62.15,70.09,0.0
1765504800,4,311.04,0.0,1.24,103.55,4.08,60.49,68.66,0.0
1765508400,4,317.84,0.01,1.45,102.54,4.32,60.88,69.47,0.0
1765512000,4,323.88,0.11,1.41,105.8,4.45,63.08,72.17,0.0
1765515600,4,328.81,0.12,1.23,112.72,4.42,66.21,75.71,0.0
1765519200,4,332.34,0.09,0.98,119.27,4.24,69.48,79.18,0.0
1765522800,4,329.47,0.08,0.8,123.01,3.85,70.61,80.1,0.0
1765526400,4,324.06,0.07,0.69,124.3,3.44,70.47,79.56,0.0
1765530000,4,316.9,0.06,0.63,124.62,3.05,69.3,77.95,0.0
1765533600,4,312.56,0.06,0.64,125.24,2.75,68.96,77.32,0.0
1765537200,4,312.42,0.06,0.74,127.14,2.6,70.57,78.97,0.0
1765540800,4,312.98,0.03,0.92,128.43,2.52,71.87,80.34,0.0
1765544400,4,314.73,0.0,1.04,128.13,2.48,72.93,81.47,0.0
1765548000,4,315.22,0.0,0.96,128.04,2.47,73.35,81.84,0.0
1765551600,4,314.65,0.0,0.88,127.49,2.44,73.19,81.58,0.0
1765555200,4,313.69,0.0,0.82,126.48,2.41,72.59,80.85,0.0
1765558800,4,311.98,0.0,0.76,124.84,2.34,71.85,80.06,0.0
1765562400,4,309.92,0.0,0.69,123.36,2.24,71.0,79.2,0.0
1765566000,4,307.15,0.0,0.58,123.45,2.11,69.61,77.92,0.0
1765569600,4,307.88,0.0,0.56,122.56,2.11,69.17,77.63,0.0
1765573200,4,313.16,0.0,0.64,120.84,2.25,68.82,77.46,0.0
1765576800,4,320.64,0.0,0.78,117.35,2.49,66.69,74.72,0.0
1765580400,4,329.96,0.0,0.89,112.38,2.59,61.91,68.6,0.0
1765584000,4,338.23,0.0,0.94,108.15,2.59,56.25,61.7,0.0
1765587600,4,349.25,0.0,1.03,103.9,2.67,52.13,56.93,0.0
1765591200,4,365.45,0.0,1.29,98.79,3.07,52.49,57.3,0.0
1765594800,4,381.31,0.03,1.7,95.34,3.51,55.02,60.36,0.0
1765598400,4,393.28,0.11,1.94,96.63,3.92,60.11,66.32,0.0
1765602000,4,398.55,0.15,1.74,104.91,4.16,67.17,74.0,0.0
1765605600,4,398.2,0.13,1.29,116.36,4.17,74.67,81.87,0.0
1765609200,5,397.62,0.1,0.99,126.3,4.0,81.74,89.28,0.0
1765612800,5,397.53,0.08,0.9,133.38,3.79,88.12,95.92,0.0
1765616400,5,397.43,0.07,0.89,137.88,3.54,92.3,100.16,0.0
1765620000,5,397.16,0.07,0.95,140.94,3.28,94.09,101.91,0.0
1765623600,5,395.3,0.05,1.07,141.05,3.04,93.68,101.37,0.0
1765627200,5,392.04,0.02,1.23,139.51,2.83,92.02,99.52,0.0
1765630800,5,390.03,0.0,1.23,137.3,2.65,90.39,97.72,0.0
1765634400,5,387.17,0.0,1.02,135.0,2.47,88.49,95.64,0.0
1765638000,5,384.3,0.0,0.87,132.54,2.29,86.31,93.2,0.0
1765641600,5,380.31,0.0,0.78,130.21,2.13,84.14,90.81,0.0
1765645200,5,378.0,0.0,0.71,128.61,2.0,82.73,89.25,0.0
1765648800,5,376.39,0.0,0.67,127.3,1.89,81.54,87.92,0.0
1765652400,5,374.56,0.0,0.63,126.19,1.79,80.36,86.57,0.0
1765656000,5,373.9,0.0,0.58,125.42,1.7,79.33,85.32,0.0
1765659600,5,372.89,0.0,0.54,125.4,1.64,78.67,84.41,0.0
1765663200,5,362.58,0.0,0.54,125.49,1.83,75.9,81.33,0.0
1765666800,4,352.14,0.0,0.62,124.48,2.3,73.36,78.76,0.0
1765670400,4,342.04,0.0,0.75,122.26,3.05,71.91,77.63,0.0
1765674000,4,330.32,0.0,0.89,119.66,3.99,71.22,77.67,0.0
1765677600,4,321.58,0.0,1.07,118.2,4.72,71.6,78.77,0.0
1765681200,4,315.67,0.03,1.32,117.79,5.14,72.22,79.89,0.0
1765684800,4,312.32,0.09,1.42,119.83,5.41,73.54,81.6,0.0
1765688400,5,308.0,0.1,1.22,124.47,5.5,75.13,83.38,0.0
1765692000,5,302.99,0.09,0.91,129.85,5.37,76.93,85.24,0.0
1765695600,5,296.79,0.07,0.69,133.36,4.95,77.63,85.7,0.0
1765699200,5,291.86,0.06,0.6,134.4,4.48,77.85,85.63,0.0
1765702800,5,289.75,0.05,0.58,134.24,4.08,78.3,85.92,0.0
1765706400,5,290.04,0.05,0.6,134.43,3.74,78.86,86.42,0.0
1765710000,5,289.4,0.03,0.65,133.18,3.4,78.57,86.05,0.0
1765713600,5,289.63,0.01,0.71,131.17,3.09,77.87,85.28,0.0
1765717200,5,289.69,0.0,0.71,129.55,2.85,77.31,84.7,0.0
1765720800,5,288.51,0.0,0.63,128.15,2.69,77.27,84.73,0.0
1765724400,5,288.03,0.0,0.57,126.74,2.57,77.35,84.93,0.0
1765728000,5,286.79,0.0,0.54,125.46,2.48,77.33,85.0,0.0
1765731600,5,286.54,0.0,0.51,124.76,2.4,77.6,85.31,0.0
1765735200,5,286.29,0.0,0.49,124.2,2.32,77.97,85.72,0.0
1765738800,5,287.03,0.0,0.46,123.16,2.21,78.13,85.89,0.0
1765742400,5,286.65,0.0,0.43,122.7,2.11,78.18,85.92,0.0
1765746000,5,286.63,0.0,0.39,123.14,2.03,77.77,85.35,0.0
1765749600,5,283.61,0.0,0.38,123.8,2.04,75.79,82.94,0.0
1765753200,4,278.99,0.0,0.43,123.78,2.19,72.86,79.54,0.0
1765756800,4,275.42,0.0,0.53,123.01,2.53,70.47,76.82,0.0
1765760400,4,272.41,0.0,0.67,121.12,3.1,68.48,74.79,0.0
1765764000,4,272.79,0.0,0.89,119.17,3.76,67.95,74.54,0.0
1765767600,4,273.16,0.03,1.19,117.67,4.41,67.81,74.84,0.0
1765771200,4,274.25,0.08,1.35,118.29,4.96,68.0,75.46,0.0
1765774800,4,274.12,0.1,1.18,124.05,5.07,68.61,76.08,0.0
1765778400,4,273.29,0.08,0.88,130.86,4.91,69.82,77.09,0.0
1765782000,4,270.16,0.06,0.67,135.17,4.51,70.43,77.29,0.0
1765785600,4,265.97,0.06,0.6,137.42,4.18,70.43,76.94,0.0
1765789200,4,260.74,0.05,0.6,138.46,4.0,70.0,76.3,0.0
1765792800,4,257.71,0.05,0.66,138.94,3.77,69.8,75.94,0.0
1765796400,4,255.11,0.05,0.77,138.56,3.58,69.4,75.38,0.0
1765800000,4,251.98,0.02,0.93,138.63,3.57,68.55,74.42,0.0
1765803600,4,250.03,0.0,1.0,138.92,3.66,67.94,73.81,0.0
1765807200,4,249.24,0.0,0.89,137.62,3.62,68.04,74.0,0.0
1765810800,4,248.81,0.0,0.8,137.67,3.57,68.18,74.27,0.0
1765814400,4,245.73,0.0,0.67,139.97,3.78,67.62,73.9,0.0
1765818000,4,243.18,0.0,0.61,140.01,3.76,67.07,73.37,0.0
1765821600,4,243.07,0.0,0.56,140.2,3.65,67.28,73.58,0.0
1765825200,4,244.16,0.0,0.52,140.67,3.55,67.89,74.24,0.0
1765828800,4,249.06,0.0,0.54,141.27,3.64,69.32,75.91,0.0
1765832400,4,257.47,0.0,0.67,140.66,4.06,71.25,78.38,0.0
1765836000,4,262.58,0.0,0.81,138.56,4.6,72.12,79.81,0.0
1765839600,4,263.32,0.0,0.91,135.27,5.0,71.73,79.77,0.0
1765843200,4,262.49,0.0,0.99,131.83,5.3,70.6,78.82,0.0
1765846800,4,260.95,0.0,1.05,128.85,5.56,69.15,77.44,0.0
1765850400,4,259.24,0.0,1.2,127.06,5.72,67.92,76.18,0.0
1765854000,4,257.53,0.05,1.38,126.63,5.78,67.02,75.18,0.0
1765857600,4,260.67,0.11,1.42,126.62,5.61,67.74,76.05,0.0
1765861200,4,267.26,0.14,1.3,129.29,5.51,70.66,79.36,0.0
1765864800,4,272.62,0.11,1.05,134.82,5.6,74.75,83.56,0.0
1765868400,5,273.28,0.08,0.85,139.82,5.58,78.15,86.9,0.0
1765872000,5,269.61,0.06,0.76,141.15,5.22,79.76,88.55,0.0
1765875600,5,264.9,0.05,0.75,142.02,4.86,79.93,88.72,0.0
1765879200,5,255.95,0.03,0.74,142.06,4.6,76.6,84.66,0.0
1765882800,4,249.24,0.01,0.77,139.02,4.16,73.2,80.94,0.0
1765886400,4,245.14,0.01,0.8,135.54,3.8,70.13,77.68,0.0
1765890000,4,243.95,0.0,0.77,132.56,3.49,67.3,74.68,0.0
1765893600,4,243.72,0.0,0.68,130.68,3.24,65.61,72.9,0.0
1765897200,4,243.84,0.0,0.62,129.39,3.05,64.82,72.02,0.0
1765900800,4,244.8,0.0,0.59,128.09,2.88,64.31,71.37,0.0
1765904400,4,248.01,0.0,0.6,126.77,2.75,63.3,70.15,0.0
1765908000,4,253.49,0.0,0.64,125.0,2.64,61.57,68.16,0.0
1765911600,4,259.1,0.0,0.68,121.85,2.54,59.34,65.45,0.0
1765915200,4,263.25,0.0,0.68,119.65,2.43,57.87,63.82,0.0
1765918800,4,266.71,0.0,0.67,117.38,2.36,56.23,62.36,0.0
1765922400,4,270.27,0.0,0.67,114.33,2.38,53.87,60.28,0.0
1765926000,4,274.65,0.0,0.71,109.98,2.42,50.81,57.23,0.0
1765929600,3,281.14,0.0,0.79,105.24,2.47,47.34,53.52,0.0
1765933200,3,287.08,0.0,0.92,99.5,2.4,44.69,50.95,0.0
1765936800,3,290.72,0.0,1.07,93.93,2.27,42.81,49.22,0.0
1765940400,3,291.54,0.01,1.29,91.07,2.21,41.32,47.4,0.0
1765944000,3,290.61,0.03,1.4,91.18,2.25,39.81,45.09,0.0
1765947600,3,292.15,0.04,1.52,89.91,2.3,38.32,43.09,0.0
1765951200,3,296.51,0.05,1.64,88.86,2.41,37.42,41.91,0.0
1765954800,3,300.04,0.06,1.72,88.24,2.46,36.86,41.41,0.0
1765958400,3,302.06,0.06,1.77,87.81,2.41,36.41,40.86,0.0
1765962000,3,302.68,0.06,1.87,88.06,2.37,35.72,39.96,0.0
1765965600,3,283.84,0.06,1.65,86.1,1.93,29.99,33.35,0.0
1765969200,2,258.19,0.03,1.58,79.17,1.43,22.04,24.5,0.0
1765972800,2,242.35,0.01,1.65,73.96,1.18,16.62,18.56,0.0
1765976400,2,233.28,0.0,1.71,69.92,1.02,13.29,14.83,0.0
1765980000,2,229.76,0.0,1.69,67.35,0.94,11.94,13.28,0.0
1765983600,2,230.61,0.0,1.69,66.41,0.96,11.78,13.09,0.0
1765987200,2,236.17,0.0,1.79,65.7,1.21,12.23,13.6,0.01
1765990800,2,245.38,0.0,2.25,62.65,1.58,12.4,13.98,0.02
1765994400,2,255.66,0.0,3.06,57.72,1.98,11.82,13.77,0.13
1765998000,1,257.94,0.0,3.67,52.72,2.27,9.71,11.53,0.28
1766001600,1,251.71,0.0,3.69,50.14,2.34,8.4,10.28,0.3
1766005200,1,244.77,0.0,3.36,51.36,2.32,8.0,9.97,0.25
1766008800,1,237.95,0.0,2.78,56.28,2.12,7.83,9.71,0.15
1766012400,2,233.67,0.0,2.22,61.91,1.9,7.92,9.66,0.06
1766016000,2,234.31,0.0,1.83,66.44,1.75,8.81,10.57,0.01
1766019600,2,240.93,0.0,1.77,68.66,1.8,10.28,12.4,0.0
1766023200,2,248.46,0.0,2.01,68.48,2.1,11.42,14.07,0.0
1766026800,2,248.62,0.02,2.37,68.45,2.38,11.99,15.02,0.0
1766030400,2,241.32,0.21,2.28,72.99,2.7,13.57,17.18,0.0
1766034000,2,232.86,0.21,2.02,83.08,3.06,17.48,22.0,0.0
1766037600,2,224.76,0.16,1.52,96.55,3.25,23.09,28.35,0.0
1766041200,3,219.35,0.13,1.04,109.81,3.26,29.64,35.23,0.0
1766044800,3,218.72,0.1,0.88,119.97,3.26,35.71,41.36,0.0
1766048400,3,221.6,0.09,0.87,127.7,3.33,40.52,46.24,0.0
1766052000,3,225.51,0.08,0.92,133.41,3.35,43.66,49.48,0.0
1766055600,3,226.24,0.07,1.04,136.28,3.23,44.65,50.49,0.0
1766059200,3,224.17,0.03,1.19,136.15,3.02,43.95,49.66,0.0
1766062800,3,219.52,0.0,1.2,133.95,2.79,42.23,47.64,0.0
1766066400,3,214.56,0.0,0.98,131.77,2.58,40.48,45.57,0.0
1766070000,3,209.06,0.0,0.83,129.21,2.39,38.66,43.42,0.0
1766073600,3,198.03,0.0,0.74,125.99,2.4,36.32,40.77,0.0
1766077200,3,196.54,0.0,0.79,123.98,2.79,36.64,41.34,0.0
1766080800,3,203.12,0.0,1.15,119.57,3.57,37.45,42.76,0.0
1766084400,3,213.71,0.0,1.68,112.31,4.6,38.2,44.18,0.0
1766088000,3,224.28,0.0,2.02,105.65,5.38,39.31,45.89,0.0
1766091600,3,231.87,0.0,2.08,101.7,5.71,40.64,47.79,0.0
1766095200,3,237.01,0.0,1.95,100.52,5.74,42.1,49.82,0.0
1766098800,3,240.4,0.0,1.78,100.33,5.6,43.29,51.27,0.0
1766102400,3,242.58,0.0,1.65,100.58,5.42,44.19,52.28,0.0
1766106000,3,245.04,0.0,1.56,100.43,5.28,45.56,53.74,0.0
1766109600,3,250.62,0.0,1.73,100.41,5.31,48.34,56.8,0.0
1766113200,4,258.65,0.07,2.09,101.74,5.37,51.81,60.56,0.0
1766116800,4,273.49,0.22,2.34,104.86,5.4,57.42,67.27,0.0
1766120400,4,295.13,0.26,2.22,114.2,5.56,66.4,77.81,0.0
1766124000,5,311.49,0.19,1.68,129.28,5.74,76.38,88.67,0.0
1766127600,5,319.36,0.13,1.27,141.54,5.73,84.34,96.9,0.0
1766131200,5,321.35,0.11,1.1,149.6,5.51,88.95,100.86,0.0
1766134800,5,318.09,0.1,1.06,155.39,5.26,90.38,101.08,0.0
1766138400,5,312.18,0.09,1.09,159.29,5.01,89.6,99.32,0.0
1766142000,5,309.22,0.08,1.22,160.26,4.72,89.32,98.58,0.0
1766145600,5,304.87,0.05,1.42,160.63,4.61,88.3,97.18,0.0
1766149200,5,290.89,0.0,1.44,157.18,4.35,82.72,90.84,0.0
1766152800,5,285.6,0.0,1.15,152.91,4.06,80.67,88.51,0.0
1766156400,5,278.04,0.0,0.96,149.38,3.7,78.14,85.71,0.0
1766160000,4,262.93,0.0,0.78,145.55,3.25,72.82,79.81,0.0
1766163600,4,258.13,0.0,0.7,143.2,3.02,71.17,77.99,0.0
1766167200,4,255.26,0.0,0.65,141.01,2.87,70.28,77.03,0.0
1766170800,4,251.26,0.0,0.6,139.52,2.74,69.18,75.82,0.0
1766174400,4,250.17,0.0,0.6,138.3,2.73,68.14,74.82,0.0
1766178000,4,258.19,0.0,0.79,134.83,3.03,67.56,74.58,0.0
1766181600,4,269.62,0.0,0.99,131.25,3.64,67.75,75.07,0.0
1766185200,4,281.49,0.0,1.13,127.7,4.23,69.55,77.15,0.0
1766188800,4,295.83,0.0,1.22,123.85,4.71,72.3,80.2,0.0
1766192400,4,308.24,0.0,1.28,120.0,5.03,74.43,82.59,0.0
1766196000,5,317.68,0.0,1.42,117.04,5.15,75.66,83.91,0.0
1766199600,5,323.79,0.04,1.68,115.59,5.13,76.29,84.56,0.0
1766203200,5,327.73,0.12,1.74,116.22,5.0,76.99,85.26,0.0
1766206800,5,332.65,0.15,1.55,120.43,4.85,78.97,87.31,0.0
1766210400,5,336.16,0.13,1.21,127.96,4.71,82.55,91.03,0.0
1766214000,5,333.19,0.09,0.93,135.73,4.44,85.72,94.15,0.0
1766217600,5,324.1,0.08,0.79,141.6,3.99,86.72,94.72,0.0
1766221200,5,315.72,0.07,0.75,145.22,3.61,86.4,94.05,0.0
1766224800,5,307.15,0.06,0.77,147.99,3.31,85.22,92.55,0.0
1766228400,5,298.37,0.05,0.85,148.89,3.06,83.11,90.16,0.0
1766232000,5,291.7,0.02,0.97,148.73,2.9,80.92,87.78,0.0
1766235600,5,285.63,0.0,1.0,147.4,2.78,78.66,85.32,0.0
1766239200,5,281.03,0.0,0.87,146.42,2.69,76.93,83.47,0.0
1766242800,5,278.7,0.0,0.77,145.43,2.62,75.93,82.39,0.0
1766246400,5,276.18,0.0,0.71,144.59,2.55,75.22,81.62,0.0
1766250000,4,273.64,0.0,0.67,143.44,2.46,74.46,80.83,0.0
1766253600,4,271.98,0.0,0.62,142.88,2.39,73.83,80.17,0.0
1766257200,4,271.12,0.0,0.6,142.14,2.36,73.02,79.36,0.0
1766260800,4,273.0,0.0,0.62,140.76,2.57,72.43,78.89,0.0
1766264400,4,277.15,0.0,0.71,137.57,3.18,72.74,79.48,0.0
1766268000,4,281.73,0.0,0.81,133.67,3.99,74.05,81.1,0.0
1766271600,5,285.69,0.0,0.92,129.51,4.72,76.1,83.48,0.0
1766275200,5,289.83,0.0,1.03,125.64,5.31,78.42,86.25,0.0
1766278800,5,292.62,0.0,1.1,123.45,5.72,80.47,88.7,0.0
1766282400,5,295.46,0.0,1.22,123.69,5.97,82.38,90.71,0.0
1766286000,5,297.79,0.03,1.41,125.59,6.11,84.0,92.26,0.0
1766289600,5,298.71,0.09,1.43,129.08,6.1,85.33,93.42,0.0
1766293200,5,298.94,0.11,1.23,134.9,5.92,86.76,94.73,0.0
1766296800,5,297.06,0.09,0.96,141.02,5.71,88.57,96.5,0.0
1766300400,5,293.99,0.07,0.74,145.27,5.39,89.94,97.76,0.0
1766304000,5,291.14,0.06,0.65,147.92,5.1,90.8,98.4,0.0
1766307600,5,288.64,0.06,0.65,149.82,4.92,91.31,98.58,0.0
1766311200,5,288.07,0.05,0.7,152.11,4.79,92.15,99.24,0.0
1766314800,5,288.38,0.04,0.8,153.14,4.67,92.64,99.74,0.0
1766318400,5,289.05,0.02,0.93,152.82,4.56,92.96,100.12,0.0
1766322000,5,289.84,0.0,0.96,152.12,4.44,93.04,100.22,0.0
1766325600,5,291.12,0.0,0.82,151.49,4.33,93.08,100.28,0.0
1766329200,5,292.04,0.0,0.73,150.55,4.23,93.45,100.7,0.0
1766332800,5,291.49,0.0,0.67,149.28,4.11,92.98,100.17,0.0
1766336400,5,288.76,0.0,0.62,148.42,4.0,91.5,98.49,0.0
1766340000,5,284.62,0.0,0.58,147.7,3.89,89.26,96.02,0.0
1766343600,5,280.06,0.0,0.55,146.8,3.84,86.94,93.5,0.0
1766347200,5,277.88,0.0,0.54,146.46,3.81,85.35,91.85,0.0
1766350800,5,276.06,0.0,0.52,146.72,3.8,84.52,91.06,0.0
1766354400,5,274.63,0.0,0.49,147.16,3.88,84.27,90.94,0.0
1766358000,5,274.29,0.0,0.48,147.47,4.07,84.61,91.51,0.0
1766361600,5,277.81,0.0,0.48,147.17,4.38,85.57,92.86,0.0
1766365200,5,284.54,0.0,0.54,145.4,4.82,86.6,94.4,0.0
1766368800,5,294.48,0.0,0.71,142.15,5.27,87.69,95.86,0.0
1766372400,5,305.49,0.01,1.06,138.0,5.62,88.73,97.06,0.0
1766376000,5,315.46,0.02,1.55,133.24,5.78,89.41,97.79,0.0
1766379600,5,322.66,0.04,1.93,131.5,5.71,89.99,98.5,0.0
1766383200,5,323.88,0.07,1.82,133.38,5.39,90.2,98.88,0.0
1766386800,5,315.69,0.11,1.08,140.12,4.82,90.8,99.41,0.0
1766390400,5,307.95,0.08,0.79,144.17,4.28,91.82,99.99,0.0
1766394000,5,304.09,0.07,0.74,146.86,3.94,92.55,100.34,0.0
1766397600,5,303.55,0.06,0.78,149.77,3.76,93.85,101.49,0.0
1766401200,5,303.52,0.05,0.87,151.71,3.65,94.95,102.53,0.0
1766404800,5,303.14,0.02,1.02,152.6,3.59,95.85,103.4,0.0
1766408400,5,303.19,0.0,1.06,152.92,3.54,96.49,104.0,0.0
1766412000,5,304.01,0.0,0.92,152.68,3.48,97.4,104.9,0.0
1766415600,5,304.48,0.0,0.84,152.14,3.42,98.18,105.71,0.0
1766419200,5,302.11,0.0,0.78,151.58,3.35,98.34,105.84,0.0
1766422800,5,299.34,0.0,0.74,150.85,3.23,97.97,105.25,0.0
1766426400,5,297.28,0.0,0.69,150.27,3.12,97.37,104.45,0.0
1766430000,5,295.14,0.0,0.65,149.5,3.0,96.65,103.59,0.0
1766433600,5,294.67,0.0,0.63,149.14,2.98,95.63,102.51,0.0
1766437200,5,298.77,0.0,0.81,145.33,3.31,93.06,100.11,0.0
1766440800,5,300.88,0.0,1.15,136.61,3.96,87.4,94.7,0.0
1766444400,5,293.63,0.0,1.37,126.9,4.51,79.74,87.2,0.0
1766448000,4,279.36,0.0,1.45,118.07,4.89,71.4,78.99,0.0
1766451600,4,264.82,0.0,1.47,110.94,5.16,63.88,71.59,0.0
1766455200,4,254.9,0.01,1.68,106.53,5.31,59.19,67.03,0.0
1766458800,4,249.18,0.11,1.76,105.59,5.32,57.03,64.95,0.0
1766462400,4,244.88,0.15,1.71,107.14,5.23,56.21,64.12,0.0
1766466000,4,242.7,0.16,1.48,111.33,5.14,56.66,64.51,0.0
1766469600,4,242.11,0.13,1.16,117.79,5.02,58.59,66.3,0.0
1766473200,4,240.91,0.1,0.85,123.59,4.76,61.54,69.06,0.0
1766476800,4,239.28,0.08,0.7,126.94,4.39,63.88,71.19,0.0
1766480400,4,239.58,0.07,0.66,129.08,4.1,65.78,72.98,0.0
1766484000,4,243.08,0.06,0.69,131.39,3.87,68.39,75.59,0.0
1766487600,4,248.02,0.05,0.77,133.11,3.65,71.52,78.82,0.0
1766491200,4,253.31,0.02,0.9,134.39,3.45,74.94,82.45,0.0
1766494800,5,257.88,0.0,0.93,135.3,3.23,77.8,85.49,0.0
1766498400,5,258.58,0.0,0.79,134.79,3.01,78.76,86.44,0.0
1766502000,5,256.13,0.0,0.69,133.08,2.81,77.9,85.49,0.0
1766505600,4,246.08,0.0,0.6,130.89,2.55,73.2,80.21,0.0
1766509200,4,235.81,0.0,0.55,129.43,2.33,68.45,74.85,0.0
1766512800,4,232.2,0.0,0.53,128.42,2.24,66.49,72.62,0.0
1766516400,4,230.65,0.0,0.51,128.14,2.19,65.65,71.65,0.0
1766520000,4,229.76,0.0,0.49,128.43,2.15,64.98,70.88,0.0
1766523600,4,228.52,0.0,0.46,129.48,2.11,64.14,69.93,0.0
1766527200,4,228.2,0.0,0.45,130.55,2.08,63.28,68.97,0.0
1766530800,4,230.91,0.0,0.45,132.55,2.13,62.57,68.2,0.0
1766534400,4,239.59,0.0,0.5,134.85,2.33,62.47,68.16,0.0
1766538000,4,251.25,0.0,0.63,134.58,2.74,62.18,67.99,0.0
1766541600,4,260.61,0.0,0.86,131.28,3.29,61.52,67.53,0.0
1766545200,4,263.99,0.02,1.2,125.88,3.83,59.58,65.79,0.0
1766548800,4,261.51,0.09,1.34,120.14,4.28,56.39,62.74,0.0
1766552400,4,256.69,0.12,1.28,117.7,4.57,53.65,60.06,0.0
1766556000,4,251.69,0.11,1.09,119.02,4.71,52.88,59.3,0.0
1766559600,4,247.31,0.09,0.9,122.85,4.69,53.95,60.28,0.0
1766563200,4,241.77,0.08,0.78,125.72,4.48,55.18,61.36,0.0
1766566800,4,235.2,0.08,0.73,127.69,4.2,55.44,61.43,0.0
1766570400,4,231.89,0.07,0.76,128.51,3.79,55.8,61.64,0.0
1766574000,4,231.14,0.07,0.85,128.03,3.49,56.48,62.21,0.0
1766577600,4,230.57,0.04,0.99,127.85,3.36,56.89,62.53,0.0
1766581200,4,230.8,0.0,1.08,127.58,3.3,57.13,62.69,0.0
1766584800,4,231.32,0.0,0.93,126.17,3.14,57.33,62.92,0.0
1766588400,4,231.31,0.0,0.79,124.76,2.89,57.44,63.15,0.0
1766592000,4,227.21,0.0,0.63,124.82,2.68,55.96,61.42,0.0
1766595600,4,225.69,0.0,0.56,123.5,2.44,55.49,60.83,0.0
1766599200,4,225.4,0.0,0.52,123.08,2.24,55.86,61.2,0.0
1766602800,4,225.42,0.0,0.48,122.49,2.06,56.29,61.61,0.0
1766606400,4,225.41,0.0,0.46,121.88,1.91,56.91,62.25,0.0
1766610000,4,225.05,0.0,0.44,121.58,1.79,57.64,63.03,0.0
1766613600,4,225.07,0.0,0.42,120.99,1.7,58.34,63.76,0.0
1766617200,4,224.24,0.0,0.42,120.26,1.63,58.55,63.9,0.0
1766620800,4,222.54,0.0,0.42,119.84,1.61,58.31,63.49,0.0
1766624400,4,223.9,0.0,0.45,119.01,1.66,57.8,62.76,0.0
1766628000,4,227.64,0.0,0.51,118.37,1.79,57.22,62.07,0.0
1766631600,4,230.86,0.0,0.63,118.49,2.02,56.34,61.25,0.0
1766635200,4,230.76,0.01,0.67,119.28,2.21,53.9,58.66,0.0
1766638800,4,233.51,0.02,0.79,119.09,2.46,52.65,57.34,0.0
1766642400,4,238.37,0.03,0.89,119.81,2.73,52.83,57.55,0.0
1766646000,4,241.9,0.04,0.85,120.94,2.86,53.52,58.28,0.0
1766649600,4,244.46,0.04,0.79,122.77,2.92,54.91,59.76,0.0
1766653200,4,247.36,0.05,0.75,125.5,2.97,56.95,61.92,0.0
1766656800,4,249.31,0.07,0.66,129.33,2.89,59.19,64.22,0.0
1766660400,4,248.57,0.06,0.69,131.56,2.7,60.13,65.14,0.0
1766664000,4,246.77,0.04,0.79,132.44,2.52,59.96,64.91,0.0
1766667600,4,245.41,0.01,0.88,132.47,2.35,59.35,64.29,0.0
1766671200,4,244.14,0.0,0.76,131.94,2.17,58.43,63.38,0.0
1766674800,4,243.04,0.0,0.63,131.26,1.96,57.24,62.19,0.0
1766678400,4,241.71,0.0,0.56,130.24,1.77,55.88,60.8,0.0
1766682000,4,241.02,0.0,0.52,129.34,1.62,55.02,59.92,0.0
1766685600,4,240.86,0.0,0.49,128.6,1.5,54.58,59.49,0.0
1766689200,4,240.69,0.0,0.47,127.55,1.41,54.38,59.29,0.0
1766692800,4,240.68,0.0,0.44,127.39,1.36,54.53,59.42,0.0
1766696400,4,240.85,0.0,0.42,127.84,1.33,55.05,59.95,0.0
1766700000,4,243.16,0.0,0.39,128.91,1.34,56.29,61.27,0.0
1766703600,4,248.85,0.0,0.39,130.6,1.41,58.18,63.31,0.0
1766707200,4,257.17,0.0,0.41,132.44,1.58,60.44,65.8,0.0
1766710800,4,269.55,0.0,0.48,133.23,1.87,62.58,68.21,0.0
1766714400,4,280.0,0.0,0.6,133.27,2.17,64.13,69.98,0.0
1766718000,4,287.46,0.01,0.76,133.3,2.39,65.17,71.2,0.0
1766721600,4,296.6,0.04,0.87,131.04,2.61,66.07,72.27,0.0
1766725200,4,304.94,0.07,0.89,129.18,2.85,66.69,73.0,0.0
1766728800,4,310.1,0.07,0.8,130.49,3.06,67.81,74.07,0.0
1766732400,4,309.9,0.06,0.69,133.42,3.05,69.41,75.59,0.0
1766736000,4,305.05,0.05,0.61,134.95,2.78,70.88,77.05,0.0
1766739600,4,298.45,0.04,0.56,136.93,2.45,71.55,77.79,0.0
1766743200,4,286.33,0.04,0.45,140.44,2.07,70.09,76.07,0.0
1766746800,4,280.25,0.03,0.48,142.18,1.85,70.13,76.36,0.0
1766750400,4,278.19,0.02,0.57,142.86,1.77,71.06,77.88,0.0
1766754000,4,277.89,0.0,0.63,143.33,1.75,72.07,79.57,0.0
1766757600,4,278.63,0.0,0.58,142.4,1.75,72.46,80.36,0.0
1766761200,4,277.98,0.0,0.54,140.7,1.76,71.94,79.9,0.0
1766764800,4,275.82,0.0,0.51,138.36,1.73,70.63,78.42,0.0
1766768400,4,274.08,0.0,0.5,136.42,1.67,69.67,77.17,0.0
1766772000,4,273.4,0.0,0.48,135.37,1.63,69.26,76.47,0.0
1766775600,4,272.69,0.0,0.46,135.07,1.62,69.26,76.36,0.0
1766779200,4,275.81,0.0,0.48,135.2,1.7,69.12,76.16,0.0
1766782800,4,280.33,0.0,0.62,132.92,1.96,67.01,73.81,0.0
1766786400,4,277.98,0.0,0.76,129.51,2.12,59.96,65.71,0.0
1766790000,3,268.9,0.0,0.87,123.0,2.11,49.77,54.33,0.0
1766793600,3,259.81,0.0,0.97,115.57,2.08,41.14,44.99,0.0
1766797200,3,249.9,0.0,1.03,108.08,2.04,33.96,37.39,0.0
1766800800,3,243.24,0.0,1.12,103.04,2.0,29.03,32.25,0.0
1766804400,3,239.56,0.04,1.26,100.56,1.98,26.29,29.55,0.0
1766808000,3,237.65,0.1,1.22,101.4,1.97,24.89,28.32,0.0
1766811600,3,236.46,0.11,1.01,105.18,1.93,24.49,28.08,0.0
1766815200,3,235.43,0.09,0.76,109.87,1.82,24.76,28.38,0.0
1766818800,3,234.07,0.07,0.61,113.51,1.7,25.53,29.15,0.0
1766822400,3,233.43,0.06,0.55,116.3,1.6,26.74,30.33,0.0
1766826000,3,233.31,0.06,0.54,118.71,1.53,27.95,31.45,0.0
1766829600,3,235.23,0.06,0.58,121.99,1.5,29.37,32.77,0.0
1766833200,3,237.07,0.05,0.66,123.98,1.47,30.67,34.03,0.0
1766836800,3,238.4,0.03,0.78,124.77,1.43,31.78,35.13,0.0
1766840400,3,238.96,0.0,0.85,123.81,1.36,32.21,35.6,0.0
1766844000,3,237.88,0.0,0.77,122.23,1.28,31.63,35.11,0.0
1766847600,3,234.69,0.0,0.69,120.28,1.19,30.48,33.98,0.0
1766851200,3,231.46,0.0,0.64,117.85,1.12,29.29,32.74,0.0
1766854800,3,229.25,0.0,0.6,116.38,1.07,28.25,31.62,0.0
1766858400,3,226.16,0.0,0.56,114.99,1.02,27.07,30.28,0.0
1766862000,3,219.43,0.0,0.51,114.9,1.06,25.12,27.93,0.0
1766865600,3,215.92,0.0,0.48,114.77,1.13,24.15,26.79,0.0
1766869200,3,216.1,0.0,0.45,114.94,1.12,23.91,26.38,0.0
1766872800,3,218.37,0.0,0.46,114.95,1.16,24.25,26.61,0.0
1766876400,3,223.27,0.0,0.51,114.95,1.34,25.67,28.12,0.0
1766880000,3,229.59,0.0,0.58,114.87,1.59,27.78,30.44,0.0
1766883600,3,236.89,0.0,0.64,114.6,1.83,30.7,33.77,0.0
1766887200,3,244.11,0.0,0.76,113.92,2.06,34.02,37.64,0.0
1766890800,3,250.62,0.02,0.95,113.15,2.27,37.36,41.44,0.0
1766894400,3,257.61,0.07,1.02,113.88,2.47,41.35,45.7,0.0
1766898000,3,264.36,0.1,1.0,116.7,2.72,46.23,51.26,0.0
1766901600,4,270.93,0.09,0.88,121.4,2.92,52.3,58.19,0.0
1766905200,4,275.13,0.07,0.73,126.44,2.92,57.7,64.28,0.0
1766908800,4,273.97,0.06,0.64,129.33,2.74,61.09,67.97,0.0
1766912400,4,270.18,0.06,0.59,131.3,2.5,62.64,69.58,0.0
1766916000,4,268.06,0.06,0.6,132.26,2.27,63.19,70.04,0.0
1766919600,4,267.41,0.05,0.71,132.65,2.14,63.76,70.58,0.0
1766923200,4,266.07,0.03,0.87,131.69,2.04,63.22,69.92,0.0
1766926800,4,264.13,0.01,0.98,130.19,1.95,62.1,68.68,0.0
1766930400,4,261.95,0.0,0.88,128.13,1.86,60.44,66.93,0.0
1766934000,4,257.31,0.0,0.75,125.85,1.75,58.07,64.43,0.0
1766937600,4,251.59,0.0,0.66,122.95,1.63,54.67,60.79,0.0
1766941200,4,247.08,0.0,0.6,120.27,1.51,51.36,57.19,0.0
1766944800,3,243.62,0.0,0.57,118.41,1.42,48.71,54.28,0.0
1766948400,3,240.47,0.0,0.53,116.91,1.33,46.61,51.98,0.0
1766952000,3,238.15,0.0,0.5,116.14,1.28,44.89,50.08,0.0
1766955600,3,236.88,0.0,0.46,115.97,1.26,43.66,48.67,0.0
1766959200,3,235.75,0.0,0.47,115.94,1.32,39.61,43.92,0.0
1766962800,3,236.68,0.0,0.57,115.23,1.52,35.53,39.34,0.0
1766966400,3,240.96,0.0,0.7,113.0,1.81,34.77,38.6,0.0
1766970000,3,244.37,0.0,0.85,109.71,2.15,35.1,39.28,0.0
1766973600,3,247.43,0.0,1.02,106.8,2.43,35.73,40.4,0.0
1766977200,3,249.08,0.03,1.24,105.47,2.66,36.39,41.52,0.0
1766980800,3,248.83,0.07,1.25,107.17,2.8,37.13,42.47,0.0
1766984400,3,246.86,0.08,1.16,110.54,2.85,38.17,43.59,0.0
1766988000,3,245.94,0.08,0.94,114.44,2.82,40.14,45.57,0.0
1766991600,3,245.79,0.08,0.68,119.57,2.65,42.8,48.24,0.0
1766995200,3,248.68,0.06,0.59,123.5,2.49,46.2,51.71,0.0
1766998800,3,252.44,0.06,0.57,127.12,2.33,49.02,54.55,0.0
1767002400,4,256.28,0.06,0.56,129.88,2.07,50.44,56.01,0.0
1767006000,4,258.09,0.05,0.62,130.27,1.83,50.16,55.69,0.0
1767009600,3,258.67,0.03,0.73,129.16,1.69,48.94,54.28,0.0
1767013200,3,259.42,0.0,0.82,128.29,1.61,47.61,52.77,0.0
1767016800,3,259.46,0.0,0.72,126.74,1.51,46.22,51.27,0.0
1767020400,3,258.8,0.0,0.62,125.64,1.38,44.41,49.36,0.0
1767024000,3,255.8,0.0,0.55,124.67,1.27,42.45,47.26,0.0
1767027600,3,253.98,0.0,0.51,123.36,1.18,41.3,46.1,0.0
1767031200,3,254.96,0.0,0.49,122.66,1.15,41.87,46.91,0.0
1767034800,3,258.38,0.0,0.47,122.1,1.21,44.43,49.97,0.0
1767038400,3,263.17,0.0,0.46,123.1,1.32,48.57,54.67,0.0
1767042000,4,268.5,0.0,0.44,124.41,1.45,53.16,59.63,0.0
1767045600,4,267.6,0.0,0.41,125.39,1.48,54.74,60.89,0.0
1767049200,4,266.11,0.0,0.39,126.27,1.47,55.54,61.34,0.0
1767052800,4,268.48,0.0,0.38,127.45,1.45,57.56,63.24,0.0
1767056400,4,268.58,0.0,0.36,127.95,1.38,58.74,64.38,0.0
1767060000,4,267.99,0.0,0.37,128.37,1.32,59.24,64.86,0.0
1767063600,4,265.63,0.0,0.42,128.64,1.27,59.27,64.79,0.0
1767067200,4,261.53,0.02,0.4,128.62,1.22,58.54,63.87,0.0
1767070800,4,256.39,0.02,0.34,128.15,1.16,57.52,62.65,0.0
1767074400,4,254.25,0.03,0.3,126.92,1.13,57.21,62.25,0.0
1767078000,4,253.9,0.03,0.28,125.48,1.13,57.1,62.26,0.0
1767081600,4,256.22,0.03,0.29,123.97,1.17,57.29,62.6,0.0
1767085200,4,259.59,0.03,0.32,123.51,1.22,57.33,62.68,0.0
1767088800,4,263.24,0.03,0.36,124.02,1.26,57.11,62.47,0.0
1767092400,4,264.74,0.03,0.43,124.88,1.24,57.19,62.66,0.0
1767096000,4,264.66,0.01,0.51,125.29,1.15,56.62,62.1,0.0
1767099600,4,264.51,0.0,0.55,124.86,1.05,55.66,61.08,0.0
1767103200,4,263.09,0.0,0.49,124.18,0.94,54.46,59.89,0.0
1767106800,4,260.78,0.0,0.44,122.89,0.83,53.08,58.55,0.0
1767110400,4,258.42,0.0,0.4,121.13,0.75,51.71,57.25,0.0
1767114000,4,256.01,0.0,0.38,119.65,0.69,50.44,56.07,0.0
1767117600,3,253.6,0.0,0.36,117.72,0.65,49.09,54.85,0.0
1767121200,3,251.15,0.0,0.34,116.06,0.62,47.69,53.63,0.0
1767124800,3,249.53,0.0,0.32,114.85,0.59,46.61,52.73,0.0
1767128400,3,249.15,0.0,0.3,114.23,0.56,45.84,52.18,0.0
1767132000,3,249.37,0.0,0.27,114.92,0.56,45.08,51.2,0.0
1767135600,3,250.0,0.0,0.26,116.56,0.61,44.33,50.08,0.0
1767139200,3,249.94,0.0,0.26,117.06,0.64,43.65,49.35,0.0
1767142800,3,249.43,0.0,0.26,116.92,0.64,42.99,48.83,0.0
1767146400,3,249.37,0.0,0.27,116.81,0.62,42.62,48.67,0.0
1767150000,3,248.6,0.0,0.32,116.63,0.6,42.1,48.27,0.0
1767153600,3,248.19,0.0,0.33,116.45,0.58,41.47,47.65,0.0
1767157200,3,246.89,0.0,0.34,115.97,0.55,40.15,46.19,0.0
1767160800,3,244.72,0.0,0.33,115.34,0.51,38.14,43.94,0.0
1767164400,3,240.7,0.0,0.3,114.21,0.46,35.8,41.35,0.0
1767168000,3,235.53,0.0,0.28,112.43,0.43,34.43,39.92,0.0
1767171600,3,231.59,0.01,0.26,110.96,0.42,33.93,39.52,0.0
1767175200,3,227.75,0.01,0.21,109.83,0.4,33.59,39.32,0.0
1767178800,3,223.3,0.01,0.21,108.51,0.39,32.95,38.77,0.0
1767182400,3,218.67,0.01,0.24,107.73,0.38,31.93,37.73,0.0
1767186000,3,215.95,0.0,0.26,107.84,0.38,31.39,37.15,0.0
1767189600,3,216.01,0.0,0.26,108.63,0.38,31.91,37.62,0.0
1767193200,3,219.23,0.0,0.25,110.25,0.39,33.47,39.16,0.0
1767196800,3,224.12,0.0,0.25,111.91,0.39,35.38,41.09,0.0
1767200400,3,230.35,0.0,0.24,114.06,0.4,37.33,43.1,0.0
1767204000,3,237.28,0.0,0.24,116.06,0.41,38.93,44.74,0.0
1767207600,3,242.57,0.0,0.23,117.87,0.41,39.28,45.02,0.0
1767211200,3,245.33,0.0,0.22,118.98,0.4,37.8,43.33,0.0
1767214800,3,247.39,0.0,0.21,120.09,0.4,35.67,40.96,0.0
1767218400,3,249.99,0.0,0.21,121.35,0.4,33.4,38.5,0.0
1767222000,3,254.54,0.0,0.21,122.69,0.42,31.68,36.7,0.0
1767225600,3,261.01,0.0,0.22,124.49,0.45,31.01,36.12,0.0
1767315600,3,245.71,0.0,0.15,118.67,0.28,17.46,20.49,0.0
1767319200,3,243.52,0.0,0.18,117.64,0.31,17.78,21.09,0.0
1767322800,3,240.81,0.01,0.2,116.31,0.33,18.06,21.54,0.0
1767326400,3,238.06,0.01,0.18,115.5,0.34,18.27,21.81,0.0
1767330000,3,234.38,0.01,0.14,114.15,0.33,18.4,21.8,0.0
1767333600,3,231.4,0.01,0.13,112.35,0.32,18.53,21.76,0.0
1767337200,3,228.68,0.01,0.11,110.05,0.31,18.7,21.82,0.0
1767340800,3,226.22,0.01,0.11,107.55,0.31,19.1,22.2,0.0
1767344400,3,224.98,0.01,0.12,105.37,0.31,19.58,22.62,0.0
1767348000,3,224.53,0.01,0.13,104.11,0.31,19.93,22.96,0.0
1767351600,3,222.56,0.01,0.15,103.04,0.3,20.02,23.1,0.0
1767355200,3,221.47,0.01,0.19,102.5,0.3,20.01,23.18,0.0
1767358800,3,220.64,0.0,0.24,102.22,0.31,20.07,23.35,0.0
1767362400,3,220.08,0.0,0.25,102.06,0.31,20.26,23.66,0.0
1767366000,3,218.98,0.0,0.25,101.97,0.32,20.54,24.11,0.0
1767369600,3,217.68,0.0,0.25,101.72,0.33,20.87,24.57,0.0
1767373200,3,217.21,0.0,0.25,101.37,0.35,21.29,25.1,0.0
1767376800,3,217.1,0.0,0.26,101.25,0.39,21.78,25.71,0.0
1767380400,3,216.4,0.0,0.27,100.8,0.43,22.3,26.37,0.0
1767384000,3,216.7,0.0,0.27,100.7,0.48,23.04,27.23,0.0
1767387600,3,219.63,0.0,0.3,101.42,0.56,24.08,28.35,0.0
1767391200,3,231.18,0.0,0.37,103.59,0.66,25.0,28.96,0.0
1767394800,3,247.71,0.0,0.44,106.31,0.75,25.4,28.89,0.0
1767398400,3,261.28,0.0,0.5,107.98,0.84,25.93,29.17,0.0
1767402000,3,269.38,0.0,0.56,107.43,0.91,26.46,29.6,0.0
1767405600,3,271.78,0.0,0.6,106.7,0.92,26.72,29.68,0.0
1767409200,3,270.29,0.01,0.66,106.41,0.89,26.65,29.35,0.0
1767412800,3,265.83,0.03,0.65,105.48,0.85,26.65,29.21,0.0
1767416400,3,261.6,0.04,0.51,105.73,0.76,27.18,29.72,0.0
1767420000,3,254.91,0.04,0.35,105.91,0.64,27.78,30.36,0.0
1767423600,3,247.44,0.03,0.25,105.44,0.53,28.49,31.23,0.0
1767427200,3,239.92,0.03,0.22,103.88,0.46,28.99,31.89,0.0
1767430800,3,237.18,0.03,0.21,102.78,0.43,29.39,32.4,0.0
1767434400,3,242.32,0.03,0.25,103.78,0.42,29.19,32.05,0.0
1767438000,3,245.32,0.03,0.31,104.23,0.43,28.88,31.65,0.0
1767441600,3,246.02,0.02,0.41,104.16,0.45,28.82,31.63,0.0
1767445200,3,248.48,0.0,0.5,104.16,0.47,28.83,31.68,0.0
1767448800,3,251.12,0.0,0.5,104.08,0.48,28.6,31.41,0.0
1767452400,3,253.58,0.0,0.48,103.93,0.48,28.14,30.88,0.0
1767456000,3,255.05,0.0,0.48,103.58,0.53,27.7,30.38,0.0
1767459600,3,257.83,0.0,0.51,103.55,0.71,27.63,30.37,0.0
1767463200,3,262.02,0.0,0.55,103.82,1.0,27.84,30.73,0.0
1767466800,3,265.33,0.0,0.59,103.58,1.21,28.02,31.07,0.0
1767470400,3,270.94,0.0,0.61,103.86,1.3,28.08,30.92,0.0
1767474000,3,278.49,0.0,0.62,104.38,1.33,28.27,30.65,0.0
1767477600,3,286.54,0.0,0.59,106.02,1.21,28.3,30.09,0.0
1767481200,3,293.85,0.0,0.64,106.66,1.27,28.2,29.87,0.0
1767484800,3,299.74,0.0,0.71,106.77,1.42,28.37,30.11,0.0
1767488400,3,303.25,0.0,0.76,107.67,1.63,29.0,31.05,0.0
1767492000,3,306.86,0.0,0.83,108.76,1.84,30.26,32.82,0.0
1767495600,3,311.18,0.02,1.0,109.93,1.99,31.91,35.0,0.0
1767499200,3,314.66,0.06,1.11,112.25,2.12,34.1,37.89,0.0
1767502800,3,317.29,0.07,1.05,116.95,2.21,36.53,40.98,0.0
1767506400,3,316.05,0.06,0.89,122.61,2.22,39.13,44.05,0.0
1767510000,3,315.43,0.05,0.76,127.64,2.17,41.29,46.36,0.0
1767513600,3,314.4,0.05,0.7,130.97,2.08,42.94,47.97,0.0
1767517200,3,311.96,0.04,0.68,133.4,2.01,44.24,49.22,0.0
1767520800,3,311.76,0.04,0.7,134.82,1.92,44.73,49.59,0.0
1767524400,3,310.64,0.03,0.77,135.24,1.83,44.49,49.15,0.0
1767528000,3,309.16,0.02,0.86,134.75,1.75,43.98,48.49,0.0
1767531600,3,306.1,0.0,0.89,133.89,1.67,43.23,47.61,0.0
1767535200,3,302.87,0.0,0.78,132.36,1.57,41.81,46.13,0.0
1767538800,3,297.16,0.0,0.68,130.97,1.44,39.65,43.95,0.0
1767542400,3,286.22,0.0,0.6,129.37,1.37,36.88,41.3,0.0
1767546000,3,275.86,0.0,0.58,128.18,1.37,34.17,38.73,0.0
1767549600,3,268.48,0.0,0.58,126.68,1.47,32.37,37.01,0.0
1767553200,3,262.0,0.0,0.59,125.93,1.69,32.08,37.05,0.0
1767556800,3,256.22,0.0,0.63,125.8,2.19,33.66,39.36,0.0
1767560400,3,249.39,0.0,0.71,125.06,2.86,36.65,43.28,0.0
1767564000,3,241.28,0.0,0.76,124.45,3.19,39.46,46.96,0.0
1767567600,3,235.6,0.0,0.81,123.67,3.46,42.1,50.4,0.0
1767571200,3,232.03,0.0,0.87,122.74,3.66,43.99,52.69,0.0
1767574800,3,230.84,0.0,0.96,121.86,3.79,45.19,54.31,0.0
1767578400,3,233.79,0.0,1.16,120.72,3.9,46.04,55.63,0.0
1767582000,3,237.98,0.02,1.56,119.73,3.94,47.1,57.11,0.0
1767585600,3,240.65,0.12,1.86,119.14,4.05,49.54,60.46,0.0
1767589200,4,241.27,0.17,1.78,122.57,4.16,53.14,65.04,0.0
1767592800,4,239.25,0.14,1.32,129.47,4.05,56.88,68.99,0.0
1767596400,4,236.65,0.1,0.95,135.88,3.79,60.47,72.47,0.0
1767600000,4,236.44,0.08,0.81,140.28,3.59,64.15,76.26,0.0
1767603600,4,236.94,0.08,0.78,143.48,3.47,67.25,79.61,0.0
1767607200,4,237.5,0.07,0.8,146.55,3.36,69.51,82.07,0.0
1767610800,4,236.88,0.06,0.89,147.99,3.25,70.72,83.38,0.0
1767614400,4,235.2,0.03,1.03,148.38,3.16,71.31,84.04,0.0
1767618000,4,232.94,0.0,1.11,147.49,3.06,71.28,84.05,0.0
1767621600,4,229.89,0.0,0.94,145.76,2.95,70.91,83.65,0.0
1767625200,4,225.97,0.0,0.81,143.57,2.85,70.28,83.0,0.0
1767628800,4,222.21,0.0,0.73,141.68,2.74,69.41,82.03,0.0
1767632400,4,219.83,0.0,0.66,140.38,2.64,68.6,81.11,0.0
1767636000,4,217.62,0.0,0.61,139.37,2.54,67.86,80.15,0.0
1767639600,4,210.42,0.0,0.53,136.82,2.3,63.25,74.53,0.0
1767643200,4,205.97,0.0,0.5,134.52,2.11,59.57,70.07,0.0
1767646800,4,210.84,0.0,0.58,133.13,2.18,59.41,69.87,0.0
1767650400,4,223.29,0.0,0.77,129.5,2.6,59.66,70.17,0.0
1767654000,4,234.74,0.0,0.91,124.4,3.14,59.25,69.71,0.0
1767657600,4,243.55,0.0,1.0,117.94,3.74,58.58,69.04,0.0
1767661200,4,249.47,0.0,1.06,111.89,4.29,57.57,67.93,0.0
1767664800,4,251.79,0.0,1.16,108.29,4.59,56.8,66.97,0.0
1767668400,4,253.59,0.02,1.43,106.87,4.72,56.3,66.25,0.0
1767672000,4,253.65,0.06,1.61,106.44,4.67,55.21,64.76,0.0
1767675600,4,252.68,0.1,1.55,108.67,4.47,54.4,63.53,0.0
1767679200,4,252.24,0.09,1.24,113.46,4.25,55.24,64.13,0.0
1767682800,4,250.31,0.06,0.98,118.06,3.91,56.45,65.21,0.0
1767686400,4,247.07,0.04,0.88,120.12,3.52,56.09,64.51,0.0
1767690000,4,244.02,0.02,0.86,121.06,3.16,54.41,62.28,0.0
1767693600,4,241.62,0.02,0.84,121.52,2.79,51.54,58.74,0.0
1767697200,3,239.0,0.02,0.82,121.45,2.44,48.02,54.58,0.0
1767700800,3,237.43,0.01,0.82,120.56,2.21,45.08,51.19,0.0
1767704400,3,236.97,0.0,0.79,119.46,2.09,43.14,48.97,0.0
1767708000,3,237.63,0.0,0.72,118.47,2.06,42.44,48.19,0.0
1767711600,3,238.45,0.0,0.7,117.48,2.08,42.26,47.96,0.0
1767715200,3,240.04,0.0,0.71,116.66,2.19,42.55,48.11,0.0
1767718800,3,245.01,0.0,0.76,116.62,2.33,43.57,48.99,0.0
1767722400,3,254.4,0.0,0.84,116.96,2.49,44.98,50.16,0.0
1767726000,3,268.17,0.0,0.99,115.16,2.67,45.55,50.33,0.0
1767729600,3,284.51,0.0,1.23,110.62,3.13,45.76,50.25,0.0
1767733200,3,299.25,0.0,1.53,105.41,3.81,46.59,51.19,0.0
1767736800,3,305.99,0.0,1.59,103.93,4.28,47.21,52.18,0.0
1767740400,3,305.98,0.0,1.47,105.59,4.42,47.01,52.61,0.0
1767744000,3,302.1,0.0,1.31,107.92,4.5,47.03,53.61,0.0
1767747600,3,296.23,0.0,1.22,109.39,4.52,47.14,55.01,0.0
1767751200,3,289.78,0.0,1.29,108.65,4.56,47.69,57.14,0.0
1767754800,3,287.18,0.03,1.54,107.83,4.63,49.15,60.0,0.0
1767758400,4,284.8,0.11,1.64,109.07,4.76,51.49,63.58,0.0
1767762000,4,285.98,0.14,1.45,114.63,4.84,55.13,68.26,0.0
1767765600,4,287.33,0.12,1.08,122.31,4.83,59.2,72.92,0.0
1767769200,4,288.2,0.09,0.8,128.57,4.67,62.79,76.64,0.0
1767772800,4,288.75,0.07,0.69,131.74,4.41,65.15,78.65,0.0
1767776400,4,290.19,0.07,0.66,133.55,4.13,66.29,79.01,0.0
1767780000,4,294.7,0.06,0.74,134.8,3.83,67.47,79.48,0.0
1767783600,4,299.31,0.06,0.88,135.65,3.62,68.64,80.22,0.0
1767787200,4,304.09,0.03,1.09,135.74,3.55,69.56,80.8,0.0
1767790800,4,309.73,0.0,1.22,136.2,3.58,70.5,81.48,0.0
1767794400,4,314.81,0.0,1.07,136.12,3.54,71.24,82.12,0.0
1767798000,4,318.49,0.0,0.94,136.8,3.53,71.84,82.85,0.0
1767801600,4,318.28,0.0,0.83,137.31,3.59,71.25,82.19,0.0
1767805200,4,318.37,0.0,0.79,137.2,3.55,71.24,82.16,0.0
1767808800,4,318.47,0.0,0.75,136.94,3.48,71.26,82.13,0.0
1767812400,4,316.79,0.0,0.72,136.37,3.5,69.41,79.67,0.0
1767816000,4,322.48,0.0,0.82,135.49,3.79,68.42,78.2,0.0
1767819600,4,327.46,0.0,1.06,132.65,4.38,67.75,77.87,0.0
1767823200,4,322.29,0.0,1.2,127.87,5.11,64.64,76.34,0.0
1767826800,4,313.64,0.0,1.23,123.1,5.7,61.33,75.29,0.0
1767830400,4,302.87,0.0,1.2,119.54,6.01,58.81,75.24,0.0
1767834000,4,286.05,0.0,1.17,115.72,5.98,56.03,74.65,0.0
1767837600,4,267.06,0.0,1.28,111.13,5.7,52.7,72.79,0.0
1767841200,3,250.0,0.03,1.58,108.65,5.29,48.87,69.21,0.0
1767844800,3,237.36,0.12,1.7,109.65,4.82,44.94,64.58,0.0
1767848400,3,228.94,0.15,1.45,115.56,4.36,41.87,60.32,0.0
1767852000,3,225.81,0.11,1.02,123.75,4.0,40.67,57.93,0.0
1767855600,3,226.57,0.08,0.75,130.78,3.8,41.69,58.14,0.0
1767859200,3,231.05,0.07,0.67,135.9,3.79,44.46,60.46,0.0
1767862800,4,236.91,0.07,0.69,140.1,3.87,47.86,63.85,0.0
1767866400,4,244.83,0.07,0.77,144.37,3.92,51.49,68.01,0.0
1767870000,4,253.24,0.06,0.91,147.22,3.95,54.96,71.95,0.0
1767873600,4,261.13,0.03,1.12,148.86,4.01,58.02,75.04,0.0
1767877200,4,269.45,0.0,1.24,149.81,4.07,60.56,77.54,0.0
1767880800,4,274.36,0.0,1.06,148.69,3.97,62.09,79.0,0.0
1767884400,4,274.34,0.0,0.91,147.12,3.75,62.18,78.9,0.0
1767888000,4,269.32,0.0,0.78,145.35,3.55,60.39,76.61,0.0
1767891600,4,265.25,0.0,0.73,142.78,3.35,58.85,74.72,0.0
1767895200,4,260.13,0.0,0.7,140.05,3.22,57.03,72.77,0.0
1767898800,4,251.31,0.0,0.82,133.1,3.54,50.05,65.22,0.0
1767902400,3,250.39,0.0,1.06,125.4,4.19,44.31,59.16,0.0
1767906000,3,249.12,0.0,1.34,117.32,4.96,39.36,54.38,0.0
1767909600,3,240.17,0.0,1.47,110.39,5.39,35.06,50.45,0.0
1767913200,3,229.88,0.0,1.46,106.51,5.36,32.42,48.07,0.0
1767916800,3,221.51,0.0,1.4,104.05,5.18,30.78,46.53,0.0
1767920400,3,215.26,0.0,1.35,102.14,5.02,29.7,45.41,0.0
1767924000,3,212.73,0.0,1.37,101.21,4.97,29.3,45.1,0.0
1767927600,3,214.77,0.04,1.48,101.94,4.96,29.91,45.98,0.0
1767931200,3,219.56,0.09,1.38,105.05,4.89,31.9,48.19,0.0
1767934800,3,225.68,0.11,1.18,110.69,4.73,35.27,51.5,0.0
1767938400,3,232.5,0.1,0.93,118.52,4.53,40.4,56.86,0.0
1767942000,3,241.37,0.08,0.77,126.15,4.36,46.93,63.96,0.0
1767945600,4,249.62,0.07,0.72,132.24,4.23,53.02,70.73,0.0
1767949200,4,256.28,0.07,0.73,136.95,4.12,57.94,76.28,0.0
1767952800,4,261.93,0.07,0.73,140.79,4.02,61.4,80.31,0.0
1767956400,4,265.71,0.06,0.81,143.6,3.93,63.46,82.73,0.0
1767960000,4,268.07,0.04,0.95,144.91,3.88,64.42,83.98,0.0
1767963600,4,267.88,0.0,1.04,144.45,3.8,64.44,84.11,0.0
1767967200,4,265.49,0.0,0.91,143.58,3.69,63.88,83.51,0.0
1767970800,4,260.46,0.0,0.8,142.26,3.54,62.52,81.94,0.0
1767974400,4,254.02,0.0,0.74,140.79,3.38,60.69,79.7,0.0
1767978000,4,247.92,0.0,0.69,139.46,3.22,59.07,77.58,0.0
1767981600,4,242.17,0.0,0.65,137.83,3.04,57.39,75.36,0.0
1767985200,4,227.77,0.0,0.57,133.17,2.63,52.06,68.19,0.0
1767988800,3,222.99,0.0,0.54,131.19,2.44,49.81,65.09,0.0
1767992400,4,227.35,0.0,0.57,131.02,2.53,50.34,65.7,0.0
1767996000,4,233.68,0.0,0.66,129.22,2.83,50.46,66.04,0.0
1767999600,4,237.41,0.0,0.74,126.23,3.13,50.04,65.7,0.0
1768003200,3,239.39,0.0,0.75,123.84,3.31,49.78,65.44,0.0
1768006800,3,241.2,0.0,0.76,121.61,3.44,49.6,65.22,0.0
1768010400,3,242.49,0.0,0.8,119.68,3.54,49.54,65.12,0.0
1768014000,3,242.91,0.02,0.91,118.95,3.58,49.62,65.15,0.0
1768017600,3,243.44,0.06,0.9,118.66,3.71,49.99,65.36,0.0
1768021200,4,244.63,0.08,0.78,119.54,3.91,50.74,65.78,0.0
1768024800,4,245.28,0.07,0.63,120.57,4.06,51.89,66.41,0.0
1768028400,4,245.52,0.06,0.53,121.72,4.04,53.44,67.47,0.0
1768032000,4,245.5,0.05,0.49,122.38,3.94,55.08,68.72,0.0
1768035600,4,245.14,0.05,0.48,122.73,3.85,56.31,69.64,0.0
1768039200,4,244.81,0.05,0.51,123.86,3.69,57.4,70.66,0.0
1768042800,4,243.12,0.04,0.55,124.71,3.42,58.28,71.69,0.0
1768046400,4,240.91,0.02,0.63,125.55,3.13,58.8,72.51,0.0
1768050000,4,238.82,0.0,0.68,125.85,2.87,59.19,73.23,0.0
1768053600,4,236.83,0.0,0.6,125.47,2.61,59.27,73.62,0.0
1768057200,4,234.14,0.0,0.53,124.48,2.34,58.85,73.44,0.0
1768060800,4,231.08,0.0,0.48,123.02,2.12,58.15,72.83,0.0
1768064400,4,229.58,0.0,0.45,122.01,1.97,57.57,72.21,0.0
1768068000,4,228.42,0.0,0.42,121.6,1.86,57.03,71.57,0.0
1768071600,4,228.11,0.0,0.4,120.87,1.81,55.56,69.52,0.0
1768075200,4,229.71,0.0,0.4,120.12,1.83,53.04,65.92,0.0
1768078800,4,231.47,0.0,0.4,119.9,1.85,51.6,63.7,0.0
1768082400,4,233.27,0.0,0.39,120.07,1.86,50.95,62.59,0.0
1768086000,4,234.91,0.0,0.38,120.03,1.85,50.55,61.9,0.0
1768089600,4,235.67,0.0,0.38,119.61,1.82,50.15,61.29,0.0
1768093200,3,236.09,0.0,0.4,118.07,1.72,49.96,60.93,0.0
1768096800,3,237.21,0.0,0.44,116.24,1.65,50.0,60.86,0.0
1768100400,3,237.81,0.0,0.51,115.31,1.64,49.94,60.65,0.0
1768104000,3,238.09,0.0,0.6,113.85,1.72,49.44,59.19,0.0
1768107600,3,239.11,0.01,0.65,111.19,1.77,48.98,57.57,0.0
1768111200,3,240.66,0.01,0.64,110.57,1.74,48.18,55.81,0.0
1768114800,3,241.46,0.02,0.49,113.11,1.64,47.55,54.56,0.0
1768118400,3,241.52,0.02,0.37,112.06,1.53,47.53,54.45,0.0
1768122000,3,240.69,0.03,0.31,111.02,1.4,47.6,54.34,0.0
1768125600,3,240.45,0.03,0.27,111.28,1.24,47.82,54.6,0.0
1768129200,3,239.38,0.02,0.3,110.9,1.13,47.94,54.76,0.0
1768132800,3,238.32,0.01,0.36,110.81,1.04,47.84,54.67,0.0
1768136400,3,239.33,0.0,0.42,110.86,0.96,46.55,53.09,0.0
1768140000,3,239.76,0.0,0.43,109.92,0.89,45.39,51.68,0.0
1768143600,3,240.2,0.0,0.42,109.21,0.85,44.99,51.18,0.0
1768147200,3,240.77,0.0,0.41,108.4,0.83,44.66,50.71,0.0
1768150800,3,242.37,0.0,0.39,108.17,0.83,44.41,50.21,0.0
1768154400,3,245.02,0.0,0.38,108.48,0.83,44.01,49.42,0.0
1768158000,3,249.8,0.0,0.38,109.17,0.83,42.73,47.54,0.0
1768161600,3,257.95,0.0,0.44,109.27,0.92,40.49,44.62,0.0
1768165200,3,270.16,0.0,0.61,107.1,1.18,37.63,41.22,0.0
1768168800,3,281.84,0.0,0.8,102.96,1.47,33.44,36.56,0.0
1768172400,3,291.39,0.0,0.98,98.36,1.72,29.73,32.62,0.0
1768176000,3,299.7,0.0,1.12,93.99,1.91,26.58,29.29,0.02
1768179600,2,307.52,0.0,1.24,90.08,2.1,23.83,26.41,0.05
1768183200,2,314.65,0.0,1.39,86.78,2.27,21.6,24.05,0.07
1768186800,2,320.73,0.07,1.63,85.44,2.38,19.82,22.11,0.07
1768190400,2,325.35,0.14,1.72,87.87,2.42,18.63,20.72,0.06
1768194000,2,324.63,0.12,1.66,91.95,2.26,17.41,19.27,0.03
1768197600,2,318.26,0.09,1.52,94.13,2.02,15.94,17.63,0.01
1768201200,2,310.51,0.06,1.47,92.93,1.86,14.66,16.43,0.01
1768204800,2,304.9,0.06,1.48,91.05,1.81,14.07,16.07,0.03
1768208400,2,301.41,0.06,1.48,89.39,1.79,13.74,15.97,0.05
1768212000,2,299.5,0.07,1.45,88.6,1.74,13.54,15.99,0.06
1768215600,2,296.36,0.04,1.51,87.44,1.61,13.13,15.59,0.05
1768219200,2,292.86,0.02,1.59,85.46,1.45,12.32,14.58,0.03
1768222800,2,290.68,0.01,1.6,83.86,1.29,11.46,13.47,0.02
1768226400,2,288.73,0.0,1.42,82.17,1.14,10.67,12.49,0.0
1768230000,2,286.79,0.0,1.23,81.01,1.02,10.02,11.72,0.0
1768233600,2,284.07,0.0,1.07,80.58,0.93,9.63,11.29,0.0
1768237200,2,284.1,0.0,0.96,81.2,0.91,9.89,11.74,0.0
1768240800,2,285.55,0.0,0.9,82.12,0.95,10.55,12.82,0.0
1768244400,2,286.93,0.0,0.86,83.32,1.04,11.43,14.2,0.0
1768248000,2,287.55,0.0,0.81,83.97,1.11,11.97,14.93,0.0
1768251600,2,286.4,0.0,0.74,83.87,1.1,11.88,14.67,0.0
1768255200,2,285.3,0.0,0.67,84.38,1.13,11.72,14.16,0.0
1768258800,2,287.07,0.0,0.63,85.29,1.19,11.97,14.24,0.0
1768262400,2,293.06,0.0,0.64,86.5,1.28,12.94,15.37,0.0
1768266000,2,303.8,0.0,0.72,88.51,1.42,14.79,17.65,0.0
1768269600,2,315.42,0.0,0.85,90.57,1.56,16.75,20.11,0.01
1768273200,2,325.66,0.04,1.08,93.02,1.73,18.67,22.46,0.03
1768276800,2,335.3,0.1,1.25,97.52,1.99,21.19,25.4,0.05
1768280400,3,346.08,0.13,1.27,105.72,2.3,24.83,29.4,0.07
1768284000,3,353.68,0.12,1.1,116.78,2.53,30.11,34.81,0.07
1768287600,3,357.95,0.1,0.92,126.35,2.53,36.31,41.13,0.04
1768291200,3,358.2,0.09,0.82,132.08,2.38,41.87,46.84,0.0
1768294800,3,356.69,0.08,0.79,136.74,2.24,45.89,50.86,0.0
1768298400,3,355.32,0.07,0.82,139.93,2.09,47.83,52.73,0.0
1768302000,4,351.62,0.06,0.93,141.51,1.93,47.87,52.54,0.0
1768305600,4,348.27,0.04,1.12,142.79,1.89,47.26,51.5,0.0
1768309200,4,346.93,0.0,1.24,143.42,2.03,44.84,48.35,0.01
1768312800,4,346.17,0.0,1.15,141.73,2.09,41.99,44.91,0.05
1768316400,3,344.0,0.0,1.12,137.33,2.02,38.4,40.9,0.08
1768320000,3,338.6,0.0,1.15,128.82,1.89,32.31,34.51,0.1
1768323600,3,334.53,0.0,1.19,120.73,1.8,26.66,28.66,0.1
1768327200,3,333.27,0.0,1.19,115.96,1.76,23.15,25.02,0.1
1768330800,3,332.96,0.0,1.16,112.8,1.73,20.76,22.45,0.1
1768334400,3,335.36,0.0,1.17,110.89,1.72,19.63,21.19,0.11
1768338000,3,340.57,0.0,1.21,109.66,1.8,19.63,21.19,0.13
1768341600,3,345.85,0.0,1.25,109.13,1.86,20.35,21.96,0.14
1768345200,3,351.54,0.0,1.3,108.85,1.94,21.37,23.08,0.14
1768348800,3,356.54,0.0,1.33,108.18,2.02,22.46,24.25,0.13
1768352400,3,358.79,0.0,1.34,107.47,2.07,23.24,25.02,0.11
1768356000,3,355.49,0.0,1.32,107.08,1.98,23.1,24.71,0.06
1768359600,3,346.53,0.02,1.41,107.0,1.79,21.92,23.31,0.01
1768363200,3,339.85,0.06,1.48,106.7,1.82,21.83,23.27,0.0
1768366800,3,343.57,0.1,1.57,108.17,2.22,25.26,27.16,0.0
1768370400,3,346.23,0.12,1.38,113.25,2.6,30.41,32.97,0.0
1768374000,3,345.21,0.11,1.01,121.0,2.71,36.1,39.14,0.0
1768377600,3,340.87,0.09,0.84,125.89,2.61,39.9,43.03,0.0
1768381200,3,336.54,0.08,0.79,129.63,2.47,42.1,45.25,0.0
1768384800,3,338.39,0.08,0.82,134.19,2.37,44.28,47.57,0.0
1768388400,3,343.23,0.07,0.97,139.58,2.32,47.01,50.53,0.0
1768392000,4,348.08,0.05,1.21,143.46,2.3,49.14,52.99,0.0
1768395600,4,351.3,0.01,1.42,145.45,2.33,50.77,55.14,0.0
1768399200,4,351.15,0.0,1.24,145.53,2.36,51.82,56.82,0.0
1768402800,4,348.89,0.0,1.06,144.56,2.35,52.2,57.88,0.0
1768406400,4,345.5,0.0,0.94,142.35,2.27,51.61,57.78,0.0
1768410000,4,342.73,0.0,0.85,139.96,2.15,50.48,56.88,0.0
1768413600,3,342.08,0.0,0.78,137.71,1.99,49.31,55.82,0.0
1768417200,3,342.03,0.0,0.72,135.59,1.87,48.37,54.87,0.0
1768420800,3,342.25,0.0,0.69,134.33,1.83,48.01,54.46,0.0
1768424400,3,345.98,0.0,0.66,135.03,1.94,48.51,54.9,0.0
1768428000,3,351.53,0.0,0.68,136.21,2.23,49.28,55.61,0.0
1768431600,3,355.38,0.0,0.78,134.1,2.68,49.51,55.88,0.0
1768435200,3,352.91,0.0,0.93,128.97,3.21,49.54,56.43,0.0
1768438800,3,340.37,0.0,0.97,122.54,3.54,48.74,55.89,0.0
1768442400,3,322.31,0.0,0.97,116.74,3.47,46.71,53.96,0.0
1768446000,3,306.69,0.03,1.05,113.35,3.19,44.08,51.16,0.0
1768449600,3,291.29,0.07,0.97,111.42,2.8,41.15,47.99,0.0
1768453200,3,276.85,0.08,0.78,110.96,2.43,38.28,44.91,0.0
1768456800,3,264.52,0.07,0.57,110.5,2.11,35.85,42.1,0.0
1768460400,3,255.92,0.05,0.44,109.07,1.88,34.12,39.92,0.0
1768464000,3,249.64,0.05,0.39,107.52,1.71,33.15,38.44,0.0
1768467600,3,246.19,0.05,0.38,106.56,1.62,32.73,37.69,0.0
1768471200,3,245.64,0.04,0.4,106.55,1.56,32.89,37.72,0.0
1768474800,3,246.06,0.04,0.46,106.35,1.52,32.91,37.66,0.0
1768478400,3,246.65,0.03,0.58,106.23,1.49,32.77,37.36,0.0
1768482000,3,247.74,0.0,0.71,105.27,1.47,32.5,36.99,0.0
1768485600,3,249.67,0.0,0.69,103.7,1.42,32.62,37.18,0.0
1768489200,3,251.95,0.0,0.65,102.72,1.35,32.96,37.64,0.0
1768492800,3,251.91,0.0,0.56,103.45,1.3,33.1,37.83,0.0
1768496400,3,252.71,0.0,0.52,103.34,1.26,33.49,38.53,0.0
1768500000,3,254.21,0.0,0.51,103.38,1.24,34.07,39.56,0.0
1768503600,3,255.51,0.0,0.49,103.41,1.22,34.78,40.71,0.0
1768507200,3,256.1,0.0,0.47,103.66,1.2,35.24,41.43,0.0
1768510800,3,256.16,0.0,0.44,103.76,1.17,35.23,41.5,0.0
1768514400,3,257.15,0.0,0.49,103.73,1.31,35.24,41.46,0.0
1768518000,3,261.88,0.0,0.64,102.51,1.64,36.56,42.87,0.0
1768521600,3,270.14,0.0,0.86,100.76,2.16,40.09,46.76,0.0
1768525200,3,278.07,0.0,1.03,99.63,2.77,45.56,52.61,0.0
1768528800,4,284.09,0.0,1.16,100.15,3.22,51.5,59.07,0.0
1768532400,4,286.76,0.03,1.41,102.34,3.48,56.49,64.77,0.0
1768536000,4,289.27,0.09,1.61,105.08,3.74,60.99,70.27,0.0
1768539600,4,295.31,0.12,1.8,108.43,4.01,65.44,75.71,0.0
1768543200,4,298.88,0.1,1.77,112.53,4.15,68.35,78.99,0.0
1768546800,4,300.23,0.09,1.6,116.14,4.13,69.7,80.2,0.0
1768550400,4,299.87,0.07,1.43,118.94,4.0,70.49,80.65,0.0
1768554000,4,298.99,0.07,1.33,121.06,3.87,70.6,80.13,0.0
1768557600,4,297.7,0.06,1.28,122.77,3.66,70.4,79.34,0.0
1768561200,4,294.42,0.06,1.25,123.32,3.34,69.65,78.09,0.0
1768564800,4,289.04,0.04,1.25,124.02,3.0,68.36,76.34,0.0
1768568400,4,284.84,0.01,1.24,124.48,2.62,66.7,74.26,0.0
1768572000,4,283.56,0.0,1.11,122.88,2.44,66.59,74.16,0.0
1768575600,4,282.64,0.0,0.97,121.58,2.34,67.06,74.92,0.0
1768579200,4,279.55,0.0,0.85,120.71,2.25,67.1,75.16,0.0
1768582800,4,276.76,0.0,0.76,120.42,2.12,66.53,74.47,0.0
1768586400,4,273.97,0.0,0.69,119.97,1.99,65.52,73.29,0.0
1768590000,4,270.15,0.0,0.64,118.49,1.84,64.14,71.85,0.0
1768593600,4,267.93,0.0,0.61,116.26,1.69,62.82,70.53,0.0
1768597200,4,266.42,0.0,0.61,114.56,1.64,62.0,69.68,0.0
1768600800,4,268.97,0.0,0.67,113.09,1.81,61.3,68.89,0.0
1768604400,4,272.09,0.0,0.71,112.91,2.08,59.95,67.34,0.0
1768608000,4,275.74,0.0,0.72,114.77,2.4,58.14,65.06,0.0
1768611600,4,278.21,0.0,0.7,117.19,2.74,56.0,62.27,0.0
1768615200,4,281.62,0.0,0.75,117.97,2.92,55.24,61.39,0.0
1768618800,4,285.39,0.01,0.89,118.29,3.03,55.29,61.37,0.0
1768622400,4,291.43,0.04,0.93,119.89,3.04,55.84,61.02,0.0
1768626000,4,294.77,0.05,0.88,122.23,2.99,56.9,61.62,0.0
1768629600,4,295.98,0.05,0.74,124.88,2.87,58.18,62.53,0.0
1768633200,4,293.91,0.04,0.58,127.02,2.49,58.09,62.21,0.0
1768636800,4,290.68,0.04,0.49,127.6,2.26,57.52,61.58,0.0
1768640400,4,288.87,0.04,0.47,128.93,2.24,58.26,62.38,0.0
1768644000,4,287.11,0.04,0.5,130.59,2.32,59.77,64.07,0.0
1768647600,4,285.41,0.04,0.59,131.5,2.45,61.21,65.74,0.0
1768651200,4,285.11,0.02,0.72,131.22,2.57,62.49,67.22,0.0
1768654800,4,287.79,0.0,0.79,131.01,2.66,63.74,68.73,0.0
1768658400,4,290.29,0.0,0.72,130.13,2.62,64.51,69.85,0.0
1768662000,4,293.15,0.0,0.65,128.79,2.52,65.01,70.78,0.0
1768665600,4,294.63,0.0,0.6,127.55,2.42,65.24,71.35,0.0
1768669200,4,295.1,0.0,0.57,126.62,2.31,65.03,71.13,0.0
1768672800,4,294.86,0.0,0.55,125.32,2.19,64.26,70.14,0.0
1768676400,4,293.2,0.0,0.51,123.55,2.05,62.06,67.5,0.0
1768680000,4,290.12,0.0,0.47,122.68,1.93,59.12,64.04,0.0
1768683600,4,288.09,0.0,0.44,123.39,1.85,56.8,61.28,0.0
1768687200,4,287.6,0.0,0.42,125.37,1.87,54.51,58.42,0.0
1768690800,4,287.96,0.0,0.4,127.49,1.82,52.34,55.76,0.0
1768694400,4,287.61,0.0,0.4,128.71,1.72,50.38,53.53,0.0
1768698000,3,285.23,0.0,0.39,128.59,1.59,48.89,52.02,0.0
1768701600,3,283.99,0.0,0.42,128.21,1.52,47.85,51.01,0.0
1768705200,3,282.4,0.01,0.49,127.67,1.45,46.94,50.19,0.0
1768708800,3,281.22,0.02,0.51,127.47,1.4,46.32,49.69,0.0
1768712400,3,279.4,0.03,0.44,126.99,1.32,45.7,49.17,0.0
1768716000,3,277.41,0.03,0.36,126.82,1.24,45.04,48.61,0.0
1768719600,3,275.12,0.03,0.31,125.38,1.13,44.35,48.06,0.0
1768723200,3,272.02,0.03,0.28,122.99,1.03,43.63,47.49,0.0
1768726800,3,269.62,0.03,0.28,120.6,0.94,42.94,46.92,0.0
1768730400,3,268.56,0.03,0.3,119.01,0.87,42.23,46.38,0.0
1768734000,3,267.23,0.02,0.34,117.91,0.81,41.38,45.72,0.0
1768737600,3,265.91,0.01,0.41,117.27,0.77,40.5,45.02,0.0
1768741200,3,265.63,0.0,0.47,117.0,0.75,39.78,44.48,0.0
1768744800,3,264.8,0.0,0.46,116.65,0.74,39.13,44.03,0.0
1768748400,3,265.74,0.0,0.44,116.6,0.72,38.47,43.47,0.0
1768752000,3,265.03,0.0,0.43,116.22,0.71,37.75,42.81,0.0
1768755600,3,264.78,0.0,0.43,115.96,0.71,37.16,42.39,0.0
1768759200,3,263.65,0.0,0.43,115.56,0.71,36.22,41.68,0.0
1768762800,3,262.09,0.0,0.43,114.51,0.7,34.83,40.39,0.0
1768766400,3,260.98,0.0,0.41,113.43,0.67,33.41,38.8,0.0
1768770000,3,260.4,0.0,0.4,112.65,0.65,32.36,37.53,0.0
1768773600,3,263.04,0.0,0.36,113.79,0.67,32.74,37.4,0.0
1768777200,3,265.56,0.0,0.34,115.47,0.72,34.0,38.22,0.0
1768780800,3,266.51,0.0,0.33,116.26,0.75,34.51,38.58,0.0
1768784400,3,264.54,0.0,0.35,114.59,0.73,34.46,38.57,0.0
1768788000,3,264.45,0.0,0.4,113.11,0.75,34.46,38.68,0.0
1768791600,3,264.7,0.01,0.48,112.3,0.79,34.63,38.87,0.0
1768795200,3,264.04,0.02,0.46,111.87,0.8,34.82,38.95,0.0
1768798800,3,264.23,0.03,0.37,111.65,0.77,35.22,39.25,0.0
1768802400,3,264.42,0.03,0.28,111.88,0.73,35.63,39.52,0.0
1768806000,3,265.88,0.02,0.19,114.02,0.68,36.95,40.45,0.0
1768809600,3,265.97,0.02,0.18,114.06,0.67,37.99,41.31,0.0
1768813200,3,264.99,0.02,0.19,113.8,0.68,38.84,42.08,0.0
1768816800,3,265.91,0.02,0.22,114.86,0.69,40.07,43.31,0.0
1768820400,3,265.53,0.02,0.26,115.83,0.69,41.23,44.5,0.0
1768824000,3,264.98,0.01,0.32,116.95,0.69,42.26,45.58,0.0
1768827600,3,264.93,0.0,0.39,118.06,0.68,43.03,46.42,0.0
1768831200,3,265.38,0.0,0.4,117.95,0.67,43.58,47.07,0.0
1768834800,3,265.3,0.0,0.38,117.85,0.65,43.81,47.46,0.0
1768838400,3,264.83,0.0,0.36,117.65,0.64,43.6,47.43,0.0
1768842000,3,264.5,0.0,0.34,117.5,0.62,43.09,47.07,0.0
1768845600,3,264.35,0.0,0.32,118.04,0.6,42.46,46.58,0.0
1768849200,3,265.06,0.0,0.33,117.29,0.61,42.15,46.51,0.0
1768852800,3,265.23,0.0,0.36,117.21,0.65,42.45,47.09,0.0
1768856400,3,264.87,0.0,0.38,117.81,0.68,43.04,47.82,0.0
1768860000,3,263.4,0.0,0.38,118.54,0.7,43.15,47.88,0.0
1768863600,3,261.15,0.0,0.38,119.24,0.71,42.58,47.13,0.0
1768867200,3,260.49,0.0,0.37,118.89,0.74,42.02,46.34,0.0
1768870800,3,262.48,0.0,0.32,120.05,0.75,41.03,44.8,0.0
1768874400,3,262.54,0.0,0.36,119.55,0.82,39.68,43.1,0.0
1768878000,3,259.05,0.0,0.45,118.6,0.85,38.37,41.57,0.0
1768881600,3,254.47,0.01,0.5,116.63,0.87,36.77,40.0,0.0
1768885200,3,252.16,0.03,0.5,115.18,0.92,34.93,38.17,0.0
1768888800,3,251.8,0.04,0.43,114.95,0.94,33.59,36.72,0.0
1768892400,3,250.64,0.04,0.35,115.27,0.92,33.05,36.27,0.0
1768896000,3,248.68,0.04,0.34,114.95,0.9,33.48,37.0,0.0
1768899600,3,246.91,0.04,0.35,114.48,0.92,34.23,38.08,0.0
1768903200,3,241.89,0.04,0.39,113.07,0.91,34.23,38.56,0.0
1768906800,3,232.23,0.04,0.45,109.9,0.89,32.99,37.93,0.0
1768910400,3,221.01,0.03,0.52,106.36,0.91,30.86,36.25,0.0
1768914000,3,211.4,0.0,0.6,103.82,0.94,28.68,34.41,0.0
1768917600,3,202.35,0.0,0.54,100.33,0.87,26.52,32.43,0.0
1768921200,2,194.5,0.0,0.47,98.34,0.76,24.41,30.39,0.0
1768924800,2,188.52,0.0,0.41,97.0,0.66,22.83,28.88,0.0
1768928400,2,185.3,0.0,0.41,95.03,0.6,22.19,28.62,0.0
1768932000,2,183.32,0.0,0.42,93.81,0.59,21.94,28.55,0.0
1768935600,2,183.57,0.0,0.43,93.41,0.63,21.96,28.49,0.0
1768939200,2,186.6,0.0,0.46,93.3,0.69,22.28,28.58,0.0
1768942800,2,191.58,0.0,0.47,94.78,0.75,22.96,28.84,0.0
1768946400,2,195.7,0.0,0.36,98.23,0.67,23.58,28.68,0.0
1768950000,2,199.99,0.0,0.32,99.77,0.62,24.1,28.55,0.0
1768953600,3,204.11,0.0,0.32,100.62,0.6,24.5,28.43,0.0
1768957200,3,208.25,0.0,0.33,100.65,0.58,24.93,28.47,0.0
1768960800,3,212.76,0.0,0.36,100.77,0.58,25.5,28.74,0.0
1768964400,3,217.99,0.01,0.44,101.34,0.65,26.32,29.33,0.0
1768968000,3,226.32,0.02,0.5,102.78,0.86,28.54,31.4,0.0
1768971600,3,236.67,0.04,0.57,105.08,1.21,32.63,35.57,0.0
1768975200,3,247.37,0.06,0.57,108.98,1.63,38.09,41.39,0.0
1768978800,3,253.97,0.05,0.5,114.01,1.94,43.83,47.52,0.0
1768982400,3,258.62,0.05,0.49,116.82,2.12,49.08,53.05,0.0
1768986000,4,262.53,0.06,0.53,119.93,2.28,53.99,58.16,0.0
1768989600,4,265.37,0.06,0.57,122.79,2.3,56.83,61.13,0.0
1768993200,4,259.9,0.05,0.6,121.95,2.06,55.69,60.02,0.0
1768996800,4,247.58,0.03,0.62,118.17,1.68,50.96,55.38,0.0
1769000400,3,230.99,0.0,0.57,112.49,1.24,43.9,48.57,0.0
1769004000,3,215.03,0.0,0.46,106.86,0.91,37.6,42.78,0.0
1769007600,3,198.71,0.0,0.36,101.53,0.66,31.63,37.5,0.0
1769011200,3,185.9,0.0,0.31,97.4,0.51,27.21,33.77,0.0
1769014800,2,177.3,0.0,0.29,95.0,0.45,24.74,31.74,0.0
1769018400,2,172.57,0.0,0.29,93.36,0.43,23.46,30.8,0.0
1769022000,2,171.02,0.0,0.3,92.92,0.45,23.1,30.58,0.0
1769025600,2,172.81,0.0,0.31,93.77,0.53,23.87,31.21,0.0
1769029200,3,178.13,0.0,0.32,95.97,0.63,25.88,32.8,0.0
1769032800,3,190.98,0.0,0.32,100.9,0.81,29.95,36.14,0.0
1769036400,3,203.83,0.0,0.36,105.0,1.07,33.75,39.44,0.0
1769040000,3,215.66,0.0,0.41,107.74,1.44,36.78,42.15,0.0
1769043600,3,227.0,0.0,0.48,109.05,1.92,39.61,44.7,0.0
1769047200,3,235.71,0.0,0.57,109.75,2.33,41.64,46.66,0.0
1769050800,3,239.28,0.01,0.7,109.84,2.56,42.2,47.21,0.0
1769054400,3,239.11,0.03,0.78,109.84,2.69,42.04,47.1,0.0
1769058000,3,235.91,0.05,0.75,110.21,2.69,41.51,46.71,0.0
1769061600,3,231.29,0.05,0.59,111.8,2.53,40.88,46.25,0.0
1769065200,3,224.96,0.04,0.43,112.19,2.26,40.12,45.71,0.0
1769068800,3,218.71,0.04,0.35,111.24,1.92,39.02,44.71,0.0
1769072400,3,212.83,0.03,0.3,108.77,1.58,37.42,43.02,0.0
1769076000,3,206.47,0.03,0.28,105.43,1.21,35.21,40.7,0.0
1769079600,3,198.92,0.02,0.28,101.58,0.89,32.46,37.84,0.0
1769083200,3,192.27,0.01,0.3,98.18,0.67,29.98,35.31,0.0
1769086800,3,187.45,0.0,0.33,95.51,0.55,28.05,33.46,0.0
1769090400,3,183.24,0.0,0.32,93.48,0.47,26.53,32.1,0.0
1769094000,3,179.37,0.0,0.31,92.13,0.45,25.43,31.23,0.0
1769097600,2,176.25,0.0,0.31,91.32,0.44,24.55,30.57,0.0
1769101200,2,174.03,0.0,0.32,90.83,0.44,23.72,29.72,0.0
1769104800,2,172.34,0.0,0.33,90.72,0.45,22.99,28.89,0.0
1769108400,2,171.97,0.0,0.36,90.2,0.51,22.42,28.24,0.0
1769112000,2,173.26,0.0,0.39,89.94,0.7,22.04,27.62,0.0
1769115600,2,175.27,0.0,0.42,91.05,0.89,21.93,27.13,0.0
1769119200,2,177.39,0.0,0.45,91.97,1.06,21.91,26.77,0.0
1769122800,2,179.62,0.0,0.49,92.18,1.18,21.98,26.58,0.0
1769126400,2,182.03,0.0,0.5,93.6,1.27,21.87,26.16,0.0
1769130000,2,184.53,0.0,0.44,96.65,1.14,21.75,25.69,0.0
1769133600,2,186.58,0.0,0.46,97.37,1.03,21.64,25.58,0.0
1769137200,2,187.21,0.01,0.52,97.4,0.95,21.35,25.21,0.0
1769140800,2,190.39,0.03,0.56,98.46,1.01,21.38,25.09,0.0
1769144400,2,196.83,0.05,0.65,99.78,1.29,22.21,25.94,0.0
1769148000,3,202.92,0.06,0.63,102.7,1.61,23.69,27.54,0.0
1769151600,3,205.13,0.05,0.53,105.31,1.76,25.2,29.15,0.0
1769155200,3,205.23,0.05,0.46,106.7,1.75,26.29,30.29,0.0
1769158800,3,203.03,0.05,0.43,107.56,1.65,26.79,30.88,0.0
1769162400,3,198.08,0.05,0.41,107.08,1.45,26.08,30.34,0.0
1769166000,3,188.62,0.04,0.41,103.24,1.14,23.79,28.1,0.0
1769169600,2,178.45,0.02,0.41,98.04,0.81,20.94,25.11,0.0
1769173200,2,172.23,0.0,0.34,93.25,0.49,18.29,21.98,0.0
1769176800,2,168.53,0.0,0.31,90.6,0.39,17.17,20.99,0.0
1769180400,2,166.41,0.0,0.3,89.17,0.36,16.78,20.93,0.0
1769184000,2,166.25,0.0,0.3,88.64,0.36,16.78,21.2,0.0
1769187600,2,166.45,0.0,0.3,88.51,0.36,16.79,21.08,0.0
1769191200,2,166.65,0.0,0.3,88.45,0.35,16.73,20.83,0.0
1769194800,2,166.84,0.0,0.31,88.3,0.47,16.48,20.25,0.0
1769198400,2,166.66,0.0,0.31,88.15,0.52,16.21,19.7,0.0
1769202000,2,166.65,0.0,0.31,88.14,0.52,16.0,19.33,0.0
1769205600,2,167.37,0.0,0.29,88.68,0.45,15.95,19.23,0.0
1769209200,2,169.71,0.0,0.28,90.52,0.43,16.02,19.25,0.0
1769212800,2,173.46,0.0,0.28,93.34,0.47,16.07,19.27,0.0
1769216400,2,177.24,0.0,0.29,96.33,0.54,16.15,19.3,0.0
1769220000,2,179.62,0.0,0.32,98.35,0.59,16.71,19.87,0.0
1769223600,2,182.01,0.01,0.37,99.84,0.63,17.8,20.98,0.0
1769227200,3,184.33,0.03,0.34,102.04,0.67,19.42,22.59,0.0
1769230800,3,187.45,0.02,0.29,104.59,0.69,21.31,24.47,0.0
1769234400,3,189.86,0.02,0.25,106.45,0.7,23.23,26.41,0.0
1769238000,3,192.03,0.03,0.2,106.98,0.67,25.23,28.47,0.0
1769241600,3,193.93,0.03,0.2,107.09,0.66,27.21,30.56,0.0
1769245200,3,196.54,0.03,0.22,107.72,0.72,29.41,33.01,0.0
1769248800,3,200.75,0.03,0.28,108.67,0.83,32.02,36.25,0.0
1769252400,3,205.85,0.04,0.38,109.48,0.97,34.87,40.08,0.0
1769256000,3,212.0,0.03,0.53,111.35,1.2,37.93,44.22,0.0
1769259600,3,219.34,0.0,0.71,113.89,1.47,41.2,48.65,0.0
1769263200,3,225.78,0.0,0.72,115.38,1.63,44.4,52.86,0.0
1769266800,3,230.11,0.0,0.67,116.87,1.74,47.21,56.27,0.0
1769270400,3,230.55,0.0,0.57,119.93,1.85,48.95,57.75,0.0
1769274000,4,230.09,0.0,0.52,121.02,1.87,50.17,59.18,0.0
1769277600,4,228.57,0.0,0.49,121.58,1.87,50.99,60.2,0.0
1769281200,4,225.73,0.0,0.46,121.72,1.85,50.96,60.03,0.0
1769284800,4,223.16,0.0,0.43,121.74,1.84,50.11,58.68,0.0
1769288400,3,221.82,0.0,0.41,122.28,1.83,48.87,56.87,0.0
1769292000,3,221.62,0.0,0.43,121.82,1.73,47.16,54.6,0.0
1769295600,3,222.21,0.0,0.46,119.89,1.61,45.14,52.2,0.0
1769299200,3,222.62,0.0,0.46,119.32,1.54,43.45,50.24,0.0
1769302800,3,223.85,0.0,0.47,118.75,1.5,42.48,48.98,0.0
1769306400,3,225.54,0.0,0.51,117.11,1.49,42.23,48.52,0.0
1769310000,3,226.53,0.01,0.62,116.83,1.53,42.35,48.28,0.0
1769313600,3,225.65,0.02,0.57,118.76,1.52,42.98,48.46,0.0
1769317200,3,225.92,0.03,0.45,119.83,1.48,43.94,49.38,0.0
1769320800,3,226.01,0.03,0.32,120.3,1.39,44.25,49.65,0.0
1769324400,3,228.0,0.02,0.24,121.96,1.26,44.75,49.98,0.0
1769328000,3,228.36,0.02,0.22,120.1,1.14,45.03,50.1,0.0
1769331600,3,227.12,0.02,0.21,117.95,1.02,44.1,49.03,0.0
1769335200,3,228.09,0.02,0.23,116.84,0.9,42.15,46.81,0.0
1769338800,3,228.63,0.02,0.27,115.7,0.8,39.81,44.23,0.0
1769342400,3,229.34,0.02,0.34,114.63,0.73,37.77,42.0,0.0
1769346000,3,231.22,0.0,0.43,113.93,0.7,36.41,40.52,0.0
1769349600,3,233.4,0.0,0.43,112.91,0.68,35.58,39.57,0.0
1769353200,3,236.1,0.0,0.42,111.88,0.67,35.09,38.95,0.0
1769356800,3,238.27,0.0,0.4,111.08,0.67,34.79,38.54,0.0
1769360400,3,239.2,0.0,0.39,110.58,0.66,34.58,38.26,0.0
1769364000,3,238.55,0.0,0.36,110.08,0.63,34.45,38.14,0.0
1769367600,3,236.23,0.0,0.35,108.78,0.6,34.58,38.37,0.0
1769371200,3,233.81,0.0,0.35,107.76,0.63,34.87,38.67,0.0
1769374800,3,232.1,0.0,0.35,107.86,0.71,35.15,38.87,0.0
1769378400,3,230.93,0.0,0.36,107.97,0.84,34.92,38.41,0.0
1769382000,3,231.9,0.0,0.38,107.11,0.91,34.19,37.35,0.0
1769385600,3,233.58,0.0,0.4,106.02,0.9,32.94,35.73,0.0
1769389200,3,234.95,0.0,0.41,103.73,0.8,31.33,33.92,0.0
1769392800,3,235.64,0.0,0.46,100.84,0.77,29.94,32.54,0.0
1769396400,3,235.63,0.0,0.55,99.01,0.78,28.87,31.4,0.0
1769400000,3,235.87,0.01,0.61,97.45,0.8,27.53,29.91,0.0
1769403600,3,236.91,0.02,0.64,95.39,0.83,26.12,28.41,0.0
1769407200,3,238.11,0.03,0.57,94.48,0.83,25.0,27.23,0.0
1769410800,2,238.59,0.03,0.43,96.43,0.78,24.73,26.83,0.0
1769414400,3,238.17,0.02,0.39,97.09,0.69,25.3,27.42,0.0
1769418000,3,237.4,0.02,0.37,97.37,0.61,26.23,28.43,0.0
1769421600,3,238.47,0.02,0.35,97.53,0.54,27.82,30.21,0.0
1769425200,3,239.28,0.01,0.36,97.27,0.48,29.29,31.93,0.0
1769428800,3,240.26,0.01,0.39,96.94,0.44,30.2,33.04,0.0
1769432400,3,241.2,0.0,0.43,96.89,0.42,30.28,33.21,0.0
1769436000,3,241.91,0.0,0.43,96.05,0.39,29.66,32.5,0.0
1769439600,3,242.09,0.0,0.41,95.45,0.38,28.98,31.66,0.0
1769443200,3,242.41,0.0,0.4,95.5,0.45,27.82,30.22,0.0
1769446800,3,244.82,0.0,0.42,95.23,0.53,27.46,29.78,0.0
1769450400,3,247.77,0.0,0.45,94.88,0.6,27.42,29.72,0.0
1769454000,3,248.09,0.0,0.45,94.25,0.6,27.33,29.65,0.0
1769457600,3,249.67,0.0,0.44,94.41,0.6,27.3,29.68,0.0
1769461200,3,251.96,0.0,0.42,95.17,0.62,27.14,29.57,0.0
1769464800,3,256.95,0.0,0.44,96.25,0.67,26.21,28.61,0.0
1769468400,3,265.71,0.0,0.54,95.99,0.82,25.08,27.47,0.0
1769472000,3,276.4,0.0,0.65,95.89,1.03,25.03,27.58,0.0
1769475600,2,287.74,0.0,0.77,95.9,1.22,24.84,27.29,0.0
1769479200,2,295.31,0.0,0.86,94.96,1.28,24.27,26.42,0.0
1769482800,2,300.42,0.01,1.01,94.33,1.3,24.2,26.16,0.0
1769486400,2,305.52,0.03,1.14,93.92,1.34,24.52,26.45,0.0
1769490000,3,311.3,0.05,1.24,94.94,1.39,25.74,27.74,0.0
1769493600,3,317.45,0.07,1.24,97.64,1.4,27.53,29.64,0.0
1769497200,3,320.8,0.1,0.93,102.36,1.32,29.86,32.09,0.0
1769500800,3,321.0,0.07,0.75,106.74,1.2,32.01,34.3,0.0
1769504400,3,320.48,0.06,0.68,109.97,1.1,33.88,36.15,0.0
1769508000,3,317.64,0.07,0.6,112.79,0.95,35.29,37.52,0.0
1769511600,3,310.36,0.06,0.58,113.46,0.75,35.49,37.67,0.0
1769515200,3,302.39,0.04,0.62,112.24,0.59,34.89,37.02,0.0
1769518800,3,297.4,0.01,0.69,110.64,0.49,34.16,36.27,0.0
1769522400,3,293.29,0.0,0.62,108.19,0.43,33.38,35.45,0.0
1769526000,3,289.71,0.0,0.53,105.67,0.38,32.65,34.69,0.0
1769529600,3,286.79,0.0,0.49,103.66,0.34,31.61,33.59,0.0
1769533200,3,287.18,0.0,0.47,102.69,0.33,30.91,32.9,0.0
1769536800,3,288.46,0.0,0.47,102.33,0.35,30.89,33.04,0.0
1769540400,3,290.56,0.0,0.48,102.78,0.51,30.99,33.26,0.0
1769544000,3,292.77,0.0,0.48,103.58,0.6,31.1,33.47,0.0
1769547600,3,295.87,0.0,0.48,104.39,0.64,31.32,33.87,0.0
1769551200,3,299.24,0.0,0.49,105.13,0.69,31.71,34.44,0.0
1769554800,3,302.17,0.0,0.5,105.22,0.76,31.6,34.34,0.0
1769558400,3,305.12,0.0,0.5,105.16,0.8,31.33,33.8,0.0
1769648400,4,294.09,0.0,0.61,125.28,2.15,62.09,73.99,0.0
1769652000,4,296.06,0.0,0.75,125.37,2.61,63.32,75.68,0.0
1769655600,4,297.69,0.01,1.06,124.85,3.14,64.15,76.79,0.0
1769659200,4,294.69,0.05,1.33,123.72,3.65,64.82,78.26,0.0
1769662800,4,291.66,0.09,1.35,124.54,4.05,66.53,81.18,0.0
1769666400,4,288.98,0.09,1.05,128.24,4.14,68.74,84.08,0.0
1769670000,4,284.78,0.07,0.74,132.03,3.96,70.91,86.42,0.0
1769673600,4,279.07,0.06,0.6,133.04,3.63,71.95,87.14,0.0
1769677200,4,275.49,0.05,0.55,133.14,3.29,72.41,87.03,0.0
1769680800,4,274.52,0.05,0.54,132.86,2.95,72.52,86.66,0.0
1769684400,4,272.29,0.04,0.57,131.3,2.61,71.75,85.5,0.0
1769688000,4,271.81,0.02,0.64,129.74,2.33,70.37,83.72,0.0
1769691600,4,273.24,0.0,0.73,128.09,2.11,69.11,82.15,0.0
1769695200,4,274.12,0.0,0.7,126.36,1.93,68.25,81.13,0.0
1769698800,4,276.05,0.0,0.63,124.94,1.79,67.39,80.08,0.0
1769702400,4,276.9,0.0,0.58,123.35,1.66,66.16,78.55,0.0
1769706000,4,277.39,0.0,0.54,121.75,1.51,64.55,76.44,0.0
1769709600,4,276.82,0.0,0.49,120.3,1.37,62.78,74.22,0.0
1769713200,4,273.9,0.0,0.44,118.97,1.29,60.37,71.01,0.0
1769716800,4,270.38,0.0,0.4,117.99,1.23,58.21,68.01,0.0
1769720400,4,267.22,0.0,0.37,117.32,1.16,57.18,66.69,0.0
1769724000,4,264.56,0.0,0.35,117.16,1.17,56.36,65.5,0.0
1769727600,4,262.76,0.0,0.35,117.98,1.23,55.59,64.22,0.0
1769731200,4,261.84,0.0,0.36,118.58,1.33,55.0,63.27,0.0
1769734800,4,260.97,0.0,0.39,118.51,1.44,54.46,62.85,0.0
1769738400,4,260.86,0.0,0.44,119.15,1.6,53.76,62.3,0.0
1769742000,4,260.39,0.01,0.53,119.78,1.7,52.45,60.8,0.0
1769745600,4,259.64,0.03,0.54,120.52,1.83,51.59,59.94,0.0
1769749200,4,258.61,0.04,0.48,121.97,1.96,51.78,60.26,0.0
1769752800,4,257.58,0.04,0.41,123.26,2.05,52.33,60.86,0.0
1769756400,4,256.29,0.04,0.37,123.61,2.01,52.95,61.37,0.0
1769760000,4,254.4,0.04,0.35,122.86,1.89,53.52,61.83,0.0
1769763600,4,253.04,0.04,0.34,122.18,1.79,54.09,62.33,0.0
1769767200,4,252.28,0.03,0.35,121.24,1.64,53.99,62.03,0.0
1769770800,4,250.54,0.03,0.37,119.35,1.4,52.57,60.22,0.0
1769774400,4,249.67,0.02,0.41,117.39,1.16,50.72,57.93,0.0
1769778000,3,249.98,0.0,0.45,115.26,0.97,49.11,55.97,0.0
1769781600,3,249.88,0.0,0.41,112.96,0.78,47.29,53.92,0.0
1769785200,3,251.01,0.0,0.37,110.81,0.65,45.52,52.04,0.0
1769788800,3,251.43,0.0,0.36,109.11,0.58,44.05,50.53,0.0
1769792400,3,251.83,0.0,0.35,108.15,0.57,43.07,49.48,0.0
1769796000,3,251.54,0.0,0.35,107.35,0.57,42.32,48.7,0.0
1769799600,3,251.96,0.0,0.36,108.21,0.7,42.51,48.84,0.0
1769803200,3,252.57,0.0,0.37,110.58,0.9,43.1,49.33,0.0
1769806800,3,252.12,0.0,0.37,113.18,1.02,43.04,49.0,0.0
1769810400,3,252.63,0.0,0.35,116.73,1.12,43.33,49.01,0.0
1769814000,3,254.45,0.0,0.35,120.31,1.22,43.52,48.98,0.0
1769817600,3,255.22,0.0,0.35,122.84,1.28,42.97,48.22,0.0
1769821200,3,254.99,0.0,0.37,123.05,1.32,42.06,47.19,0.0
1769824800,3,254.46,0.0,0.42,122.6,1.42,41.41,46.54,0.0
1769828400,3,254.12,0.01,0.53,121.85,1.59,41.03,46.16,0.0
1769832000,3,252.76,0.03,0.6,121.34,1.84,41.28,46.5,0.0
1769835600,3,250.2,0.04,0.61,121.24,2.19,42.32,47.75,0.0
1769839200,3,246.58,0.05,0.55,122.65,2.62,43.97,49.61,0.0
1769842800,3,243.43,0.04,0.51,124.62,2.92,45.76,51.6,0.0
1769846400,3,241.46,0.04,0.52,125.48,3.03,47.23,53.17,0.0
1769850000,3,239.5,0.03,0.57,125.74,3.05,48.24,54.22,0.0
1769853600,3,239.96,0.05,0.53,126.21,2.87,48.6,54.48,0.0
1769857200,3,240.36,0.04,0.53,125.69,2.48,47.71,53.3,0.0
1769860800,3,242.34,0.03,0.56,124.27,2.03,45.94,51.16,0.0
1769864400,3,245.78,0.0,0.6,122.57,1.61,44.2,49.13,0.0
1769868000,3,248.92,0.0,0.54,120.0,1.27,42.61,47.42,0.0
1769871600,3,252.41,0.0,0.47,117.36,0.99,41.17,45.94,0.0
1769875200,3,255.06,0.0,0.44,114.73,0.83,40.4,45.21,0.0
1769878800,3,256.71,0.0,0.43,113.71,0.77,40.27,45.05,0.0
1769882400,3,257.82,0.0,0.42,113.73,0.78,40.39,45.02,0.0
1769886000,3,256.41,0.0,0.43,118.4,1.09,42.16,46.74,0.0
1769889600,3,251.78,0.0,0.44,121.98,1.42,43.65,48.32,0.0
1769893200,3,248.9,0.0,0.44,123.16,1.65,44.6,49.44,0.0
1769896800,3,247.64,0.0,0.45,124.87,1.95,45.67,50.77,0.0
1769900400,3,247.65,0.0,0.53,123.75,2.37,46.38,51.91,0.0
1769904000,3,245.9,0.0,0.66,120.29,2.9,45.9,52.03,0.0
1769907600,3,240.13,0.0,0.81,114.88,3.38,44.07,50.72,0.0
1769911200,3,233.84,0.0,0.94,110.38,3.58,41.83,48.56,0.0
1769914800,3,228.78,0.03,1.11,107.92,3.55,39.88,46.35,0.0
1769918400,3,222.65,0.09,1.03,108.0,3.4,38.04,44.23,0.0
1769922000,3,213.68,0.09,0.77,109.05,3.1,35.82,41.69,0.0
1769925600,3,204.01,0.07,0.55,108.59,2.74,33.31,38.85,0.0
1769929200,3,196.7,0.06,0.44,106.96,2.41,31.27,36.49,0.0
1769932800,3,191.94,0.05,0.39,105.57,2.18,30.15,35.12,0.0
1769936400,3,188.76,0.05,0.37,104.48,2.02,29.44,34.16,0.0
1769940000,3,187.05,0.05,0.39,104.03,1.89,29.6,34.23,0.0
1769943600,3,186.26,0.05,0.46,104.21,1.86,30.43,35.14,0.0
1769947200,3,186.17,0.03,0.58,105.43,1.92,31.58,36.44,0.0
1769950800,3,186.36,0.01,0.72,106.72,2.01,32.57,37.57,0.0
1769954400,3,186.48,0.0,0.73,107.16,2.07,33.13,38.2,0.0
1769958000,3,186.25,0.0,0.69,107.23,2.1,33.47,38.53,0.0
1769961600,3,186.15,0.0,0.67,105.62,2.1,32.81,37.75,0.0
1769965200,3,187.07,0.0,0.67,102.79,2.02,31.28,36.14,0.0
1769968800,3,188.87,0.0,0.66,101.08,1.91,30.09,34.9,0.0
1769972400,3,191.35,0.0,0.58,101.55,1.81,28.17,32.44,0.0
1769976000,3,197.52,0.0,0.74,98.11,1.82,25.9,29.7,0.0
1769979600,2,203.68,0.0,0.96,93.08,1.9,23.73,27.17,0.0
1769983200,2,208.66,0.0,1.12,88.6,1.97,21.69,24.85,0.02
1769986800,2,212.3,0.0,1.19,85.42,2.03,20.1,23.1,0.03
1769990400,2,215.94,0.0,1.21,82.91,2.07,19.04,21.87,0.01
1769994000,2,218.33,0.0,1.21,81.52,2.08,18.6,21.32,0.0
1769997600,2,219.46,0.0,1.2,82.15,2.07,19.07,21.79,0.0
1770001200,2,219.19,0.05,1.22,85.27,2.02,20.36,23.18,0.0
1770004800,2,218.13,0.1,1.12,89.72,1.91,22.1,25.12,0.0
1770008400,2,217.86,0.11,0.95,94.27,1.83,23.98,27.09,0.0
1770012000,3,217.41,0.09,0.75,99.73,1.8,26.02,29.13,0.0
1770015600,3,216.73,0.07,0.58,104.7,1.76,28.6,31.75,0.0
1770019200,3,215.27,0.06,0.5,108.12,1.68,31.51,34.8,0.0
1770022800,3,213.64,0.05,0.46,111.17,1.61,34.13,37.57,0.0
1770026400,3,212.43,0.05,0.44,114.46,1.52,36.4,40.03,0.0
1770030000,3,211.29,0.04,0.48,115.01,1.4,37.08,40.87,0.0
1770033600,3,209.44,0.03,0.54,113.38,1.32,36.07,39.94,0.0
1770037200,3,209.29,0.0,0.62,111.52,1.29,34.96,38.99,0.0
1770040800,3,210.31,0.0,0.62,111.37,1.35,36.0,40.55,0.0
1770044400,3,211.32,0.0,0.6,110.84,1.45,36.82,41.93,0.0
1770048000,3,213.44,0.0,0.59,110.0,1.73,36.97,42.15,0.0
1770051600,3,216.34,0.0,0.6,109.51,1.94,37.19,42.32,0.0
1770055200,3,219.25,0.0,0.59,109.99,2.04,37.08,42.08,0.0
1770058800,3,217.6,0.0,0.56,108.47,1.92,36.18,40.9,0.0
1770062400,3,217.22,0.0,0.53,107.68,1.76,35.47,39.73,0.0
1770066000,3,216.14,0.0,0.48,107.87,1.58,34.7,38.35,0.0
1770069600,3,216.72,0.0,0.44,109.55,1.52,33.86,36.79,0.0
1770073200,3,220.39,0.0,0.49,108.85,1.64,32.84,35.45,0.0
1770076800,3,232.01,0.0,0.7,106.41,1.96,32.24,34.85,0.0
1770080400,3,249.07,0.0,1.02,102.27,2.55,32.58,35.52,0.0
1770084000,3,263.43,0.0,1.26,99.52,2.97,33.9,37.19,0.0
1770087600,3,272.68,0.03,1.46,100.19,3.09,35.25,38.7,0.0
1770091200,3,276.57,0.09,1.3,103.99,2.93,36.92,40.26,0.0
1770094800,3,276.35,0.1,0.97,108.63,2.63,39.07,42.43,0.0
1770098400,3,274.53,0.07,0.66,113.18,2.3,41.51,44.89,0.0
1770102000,3,269.17,0.05,0.47,116.27,1.9,43.81,47.08,0.0
1770105600,3,263.83,0.04,0.39,116.25,1.55,44.91,47.99,0.0
1770109200,3,258.67,0.04,0.36,115.02,1.25,45.35,48.33,0.0
1770112800,3,254.32,0.03,0.35,112.69,0.98,45.23,48.2,0.0
1770116400,3,249.69,0.03,0.37,109.35,0.78,44.49,47.49,0.0
1770120000,3,245.78,0.02,0.43,107.14,0.66,43.66,46.7,0.0
1770123600,3,244.13,0.0,0.51,105.23,0.58,43.22,46.36,0.0
1770127200,3,242.11,0.0,0.49,102.25,0.52,43.01,46.28,0.0
1770130800,3,240.78,0.0,0.45,100.63,0.47,43.02,46.37,0.0
1770134400,3,239.09,0.0,0.38,101.49,0.43,42.59,45.72,0.0
1770138000,3,238.43,0.0,0.37,100.9,0.43,42.36,45.48,0.0
1770141600,3,238.13,0.0,0.37,100.7,0.45,42.53,45.7,0.0
1770145200,3,238.49,0.0,0.36,101.0,0.49,42.67,45.87,0.0
1770148800,3,239.87,0.0,0.38,101.29,0.6,42.55,45.8,0.0
1770152400,3,241.61,0.0,0.39,103.39,0.77,42.21,45.46,0.0
1770156000,3,244.55,0.0,0.4,106.32,0.93,41.38,44.64,0.0
1770159600,3,251.51,0.0,0.48,108.39,1.21,41.78,45.29,0.0
1770163200,3,264.11,0.0,0.71,109.71,1.75,44.78,49.16,0.0
1770166800,3,275.77,0.0,0.9,112.67,2.51,49.5,55.29,0.0
1770170400,4,276.44,0.0,1.1,113.04,3.17,52.17,59.73,0.0
1770174000,4,269.01,0.02,1.39,113.25,3.58,0.0,0.0,0.0
1770177600,4,257.23,0.07,1.55,114.7,3.8,51.11,60.84,0.0
1770181200,3,243.23,0.09,1.45,117.82,3.84,49.11,59.1,0.0
1770184800,3,229.59,0.07,1.14,121.69,3.71,47.01,56.72,0.0
1770188400,3,218.17,0.08,0.72,126.27,3.34,45.16,54.09,0.0
1770192000,3,206.52,0.06,0.54,127.34,2.9,42.47,50.43,0.0
1770195600,3,195.24,0.06,0.48,125.85,2.54,39.64,46.86,0.0
1770199200,3,191.76,0.06,0.5,124.7,2.33,0.0,0.0,0.0
1770202800,3,192.89,0.06,0.57,123.89,2.2,41.3,49.4,0.0
1770206400,3,194.9,0.04,0.69,123.08,2.13,42.42,50.82,0.0
1770210000,3,198.06,0.01,0.85,123.23,2.17,43.41,51.93,0.0
1770213600,3,201.85,0.0,0.83,123.91,2.2,44.16,52.71,0.0
1770217200,3,205.48,0.0,0.76,123.83,2.18,44.67,53.22,0.0
1770220800,3,208.4,0.0,0.71,123.15,2.12,44.74,53.27,0.0
1770224400,3,211.33,0.0,0.67,122.31,2.06,44.65,53.22,0.0
1770228000,3,213.21,0.0,0.64,121.33,1.97,44.33,52.93,0.0
1770231600,3,214.12,0.0,0.54,121.35,1.86,43.5,51.68,0.0
1770235200,3,215.49,0.0,0.5,120.58,1.78,43.07,51.13,0.0
1770238800,3,215.97,0.0,0.47,120.25,1.71,42.85,50.89,0.0
1770242400,3,215.99,0.0,0.43,120.26,1.61,42.82,50.77,0.0
1770246000,3,214.65,0.0,0.4,119.84,1.55,42.71,50.55,0.0
1770249600,3,213.31,0.0,0.39,119.13,1.57,42.31,49.94,0.0
1770253200,3,211.61,0.0,0.43,117.58,1.75,41.03,48.44,0.0
1770256800,3,211.83,0.0,0.55,115.34,2.02,39.38,46.65,0.0
1770260400,3,213.46,0.02,0.71,113.18,2.31,37.31,44.47,0.0
1770264000,3,214.89,0.06,0.78,111.62,2.67,34.12,40.92,0.0
1770267600,3,215.96,0.08,0.73,113.06,2.89,31.61,38.01,0.0
1770271200,3,218.79,0.08,0.65,117.06,2.97,31.46,37.68,0.0
1770274800,3,222.55,0.07,0.6,121.6,2.95,33.16,39.31,0.0
1770278400,3,225.15,0.07,0.57,124.27,2.84,35.09,41.16,0.0
1770282000,3,226.16,0.06,0.55,124.97,2.66,35.92,41.76,0.0
1770285600,3,227.22,0.06,0.55,126.31,2.49,36.79,42.51,0.0
1770289200,3,232.19,0.05,0.63,129.85,2.44,39.53,45.49,0.0
1770292800,3,236.11,0.04,0.76,132.72,2.42,41.61,47.83,0.0
1770296400,3,238.57,0.01,0.91,133.92,2.42,42.4,48.77,0.0
1770300000,3,237.84,0.0,0.84,132.8,2.39,41.33,47.53,0.0
1770303600,3,237.11,0.0,0.73,132.13,2.36,40.2,46.22,0.0
1770307200,3,234.75,0.0,0.66,130.68,2.28,36.78,42.21,0.0
1770310800,3,239.9,0.0,0.73,128.46,2.36,32.54,37.31,0.02
1770314400,3,252.77,0.0,0.98,123.38,2.58,29.17,33.57,0.09
1770318000,3,267.58,0.0,1.35,114.45,2.83,25.66,29.82,0.17
1770321600,3,282.4,0.0,1.73,104.47,3.06,22.83,26.9,0.27
1770325200,2,293.36,0.0,1.95,95.69,3.11,20.09,23.9,0.33
1770328800,2,298.52,0.0,1.96,90.44,3.0,17.89,21.36,0.32
1770332400,2,300.15,0.0,1.84,88.95,2.86,16.65,19.85,0.28
1770336000,2,300.55,0.0,1.7,89.11,2.82,16.4,19.57,0.23
1770339600,2,297.76,0.0,1.54,90.93,2.78,16.87,20.15,0.16
1770343200,2,294.24,0.0,1.47,92.43,2.78,17.91,21.41,0.09
1770346800,2,292.84,0.06,1.6,93.86,2.85,19.37,23.28,0.06
1770350400,2,292.17,0.12,1.58,97.27,2.89,20.88,25.27,0.03
1770354000,3,288.74,0.13,1.36,103.02,2.88,22.26,27.1,0.01
1770357600,3,284.25,0.11,1.03,109.61,2.8,23.87,29.1,0.0
1770361200,3,280.1,0.09,0.81,115.15,2.69,26.33,32.03,0.0
1770364800,3,278.95,0.08,0.72,119.55,2.62,29.38,35.44,0.0
1770368400,3,278.33,0.08,0.68,124.02,2.59,32.08,38.22,0.0
1770372000,3,280.23,0.07,0.7,128.51,2.54,34.71,40.81,0.0
1770375600,3,281.48,0.07,0.78,130.4,2.39,36.83,42.83,0.0
1770379200,3,282.56,0.05,0.94,131.83,2.21,38.17,44.12,0.0
1770382800,3,280.79,0.02,1.11,130.77,2.06,38.23,43.96,0.0
1770386400,3,277.06,0.0,1.09,126.25,1.84,37.5,43.19,0.0
1770390000,3,273.14,0.0,0.94,122.92,1.79,36.59,42.36,0.0
1770393600,3,267.79,0.0,0.83,120.26,1.8,34.92,40.8,0.0
1770397200,3,261.88,0.0,0.75,116.37,1.69,32.27,38.26,0.0
1770400800,3,253.34,0.0,0.66,113.01,1.54,28.36,34.28,0.0
1770404400,3,245.1,0.0,0.56,110.83,1.42,23.83,29.36,0.0
1770408000,3,246.47,0.0,0.57,107.96,1.44,21.41,27.11,0.0
1770411600,3,253.46,0.0,0.73,105.09,1.69,20.46,26.42,0.0
1770415200,3,261.07,0.0,0.91,102.34,2.06,20.47,26.36,0.03
1770418800,2,266.68,0.0,1.04,99.32,2.42,21.0,26.68,0.09
1770422400,2,270.71,0.0,1.13,96.59,2.69,21.79,27.25,0.11
1770426000,2,271.7,0.0,1.16,94.68,2.79,22.28,27.38,0.09
1770429600,2,271.4,0.0,1.2,94.54,2.81,22.56,27.44,0.06
1770433200,2,271.8,0.03,1.39,95.62,2.81,23.57,28.45,0.04
1770436800,3,273.97,0.11,1.5,98.73,2.9,25.27,30.47,0.02
1770440400,3,275.97,0.13,1.34,104.1,2.99,27.49,33.14,0.01
1770444000,3,276.21,0.11,1.03,111.21,2.97,30.01,36.05,0.0
1770447600,3,275.53,0.09,0.83,116.73,2.86,32.53,38.74,0.0
1770451200,3,273.23,0.07,0.77,120.64,2.71,34.66,40.8,0.0
1770454800,3,271.12,0.06,0.75,123.18,2.58,36.2,42.2,0.0
1770458400,3,270.34,0.07,0.71,126.45,2.45,37.66,43.61,0.0
1770462000,3,268.99,0.06,0.75,128.79,2.35,38.61,44.54,0.0
1770465600,3,266.58,0.05,0.84,130.68,2.38,39.23,45.21,0.0
1770469200,3,261.83,0.01,0.93,132.02,2.53,39.5,45.52,0.0
1770472800,3,259.64,0.0,0.87,131.31,2.55,39.76,45.91,0.0
1770476400,3,258.5,0.0,0.76,131.05,2.57,40.29,46.67,0.0
1770480000,3,257.52,0.0,0.71,130.19,2.59,40.62,47.11,0.0
1770483600,3,256.18,0.0,0.66,129.47,2.55,40.62,47.02,0.0
1770487200,3,255.18,0.0,0.62,128.59,2.5,40.5,46.81,0.0
1770490800,3,254.15,0.0,0.62,126.5,2.4,40.21,46.42,0.0
1770494400,3,252.9,0.0,0.62,124.24,2.31,39.45,45.48,0.0
1770498000,3,251.13,0.0,0.61,123.02,2.24,38.38,44.19,0.0
1770501600,3,250.29,0.0,0.6,122.44,2.18,37.3,43.01,0.0
1770505200,3,251.42,0.0,0.63,120.67,2.13,36.61,42.27,0.0
1770508800,3,253.95,0.0,0.7,118.16,2.17,35.86,41.54,0.0
1770512400,3,253.52,0.0,0.73,116.4,2.32,34.63,40.3,0.0
1770516000,3,252.92,0.0,0.82,113.13,2.47,33.8,39.42,0.0
1770519600,3,250.74,0.03,0.98,111.3,2.62,33.57,39.15,0.0
1770523200,3,245.87,0.03,1.05,110.34,2.81,33.46,38.97,0.0
1770526800,3,240.08,0.04,1.0,110.57,2.9,33.41,38.8,0.0
1770530400,3,234.81,0.04,0.83,112.68,2.87,33.95,39.28,0.0
1770534000,3,232.96,0.05,0.63,115.56,2.72,35.35,40.71,0.0
1770537600,3,233.28,0.04,0.47,117.87,2.5,37.29,42.69,0.0
1770541200,3,233.95,0.04,0.39,119.12,2.28,39.28,44.71,0.0
1770544800,3,235.71,0.04,0.36,120.68,2.05,41.06,46.56,0.0
1770548400,3,236.62,0.03,0.38,121.21,1.83,41.69,47.25,0.0
1770552000,3,236.48,0.02,0.44,121.59,1.66,41.33,46.88,0.0
1770555600,3,234.89,0.0,0.52,121.88,1.54,40.3,45.84,0.0
1770559200,3,231.86,0.0,0.49,121.49,1.44,38.9,44.42,0.0
1770562800,3,229.16,0.0,0.45,120.8,1.36,37.71,43.31,0.0
1770566400,3,226.65,0.0,0.42,119.81,1.32,36.91,42.61,0.0
1770570000,3,225.2,0.0,0.41,118.82,1.28,36.62,42.37,0.0
1770573600,3,224.45,0.0,0.4,117.84,1.27,36.48,42.3,0.0
1770577200,3,222.61,0.0,0.41,116.23,1.24,36.31,42.27,0.0
1770580800,3,221.1,0.0,0.44,114.31,1.24,36.15,42.39,0.0
1770584400,3,219.41,0.0,0.45,114.19,1.27,36.02,42.57,0.0
1770588000,3,218.11,0.0,0.48,113.8,1.28,36.01,42.82,0.0
1770591600,3,217.55,0.0,0.5,112.06,1.23,36.14,43.15,0.0
1770595200,3,217.17,0.0,0.5,112.44,1.2,36.15,43.12,0.0
1770598800,3,217.52,0.0,0.47,113.44,1.23,35.77,42.35,0.0
1770602400,3,218.6,0.0,0.51,111.43,1.26,35.59,41.78,0.0
1770606000,3,220.39,0.0,0.58,110.7,1.31,35.47,41.35,0.0
1770609600,3,220.5,0.0,0.61,112.34,1.37,34.72,40.09,0.0
1770613200,3,220.85,0.01,0.63,111.74,1.34,33.71,38.63,0.0
1770616800,3,221.56,0.01,0.6,111.74,1.27,33.08,37.77,0.0
1770620400,3,221.44,0.01,0.41,115.46,1.05,31.88,36.37,0.0
1770624000,3,221.37,0.01,0.32,116.38,0.85,29.08,33.14,0.0
1770627600,3,222.01,0.01,0.29,116.41,0.74,26.35,29.97,0.0
1770631200,3,222.67,0.01,0.34,114.49,0.65,25.09,28.5,0.0
1770634800,3,222.85,0.0,0.44,111.46,0.62,24.72,28.17,0.0
1770638400,3,222.84,0.0,0.52,110.7,0.63,24.28,27.78,0.0
1770642000,3,224.18,0.0,0.55,111.79,0.65,23.91,27.54,0.0
1770645600,3,224.93,0.0,0.52,111.14,0.62,23.48,27.37,0.0
1770649200,3,225.5,0.0,0.46,111.76,0.58,22.95,27.08,0.0
1770652800,3,226.44,0.0,0.36,114.27,0.52,22.24,26.09,0.0
1770656400,3,225.99,0.0,0.35,112.73,0.5,21.84,25.8,0.0
1770660000,3,225.36,0.0,0.37,111.34,0.5,21.53,25.61,0.0
1770663600,3,224.37,0.0,0.38,110.18,0.83,21.05,24.73,0.0
1770667200,3,223.53,0.0,0.4,109.99,1.05,20.5,23.64,0.0
1770670800,3,222.87,0.0,0.4,110.64,1.13,19.98,22.71,0.0
1770674400,3,220.95,0.0,0.4,110.97,1.11,19.48,21.86,0.0
1770678000,3,221.51,0.0,0.41,110.68,1.04,19.18,21.3,0.0
1770681600,3,223.12,0.0,0.39,110.99,0.93,18.98,20.89,0.0
1770685200,3,226.71,0.0,0.27,114.66,0.63,19.3,21.03,0.0
1770688800,3,232.11,0.0,0.25,116.22,0.56,19.96,21.57,0.0
1770692400,3,236.63,0.0,0.29,116.87,0.59,20.52,21.98,0.0
1770696000,3,241.93,0.0,0.35,117.02,0.7,21.62,23.07,0.0
1770699600,3,248.71,0.01,0.5,116.21,0.94,23.59,25.22,0.0
1770703200,3,254.6,0.01,0.65,115.02,1.18,25.61,27.47,0.0
1770706800,3,256.13,0.01,0.66,114.54,1.21,26.38,28.31,0.0
1770710400,3,254.9,0.01,0.61,114.0,1.13,26.23,28.12,0.0
1770714000,3,254.02,0.02,0.55,113.39,1.04,25.99,27.83,0.0
1770717600,3,252.37,0.02,0.46,113.44,0.92,25.24,27.0,0.0
1770721200,3,248.56,0.0,0.48,112.4,0.78,23.71,25.38,0.0
1770724800,3,244.39,0.0,0.47,111.44,0.66,21.88,23.47,0.0
1770728400,3,241.39,0.0,0.43,111.13,0.56,20.1,21.63,0.0
1770732000,3,238.32,0.0,0.37,110.87,0.47,18.36,19.82,0.0
1770735600,3,235.95,0.0,0.33,110.54,0.39,16.73,18.14,0.0
1770739200,3,235.66,0.0,0.3,110.72,0.34,15.26,16.65,0.0
1770742800,3,239.94,0.0,0.31,112.1,0.33,14.34,15.81,0.0
1770746400,3,244.04,0.0,0.33,114.16,0.36,14.09,15.83,0.0
1770750000,3,247.6,0.0,0.36,116.08,0.58,14.26,16.19,0.0
1770753600,3,250.45,0.0,0.39,118.22,0.69,15.14,17.33,0.0
1770757200,3,252.96,0.0,0.43,120.53,0.76,16.94,19.5,0.0
1770760800,3,254.31,0.0,0.47,121.72,0.83,18.98,21.82,0.0
1770764400,3,255.54,0.0,0.52,122.11,1.0,21.0,24.1,0.0
1770768000,3,255.19,0.0,0.58,121.89,1.27,22.83,26.06,0.0
1770771600,3,253.22,0.0,0.63,120.21,1.55,24.45,27.87,0.0
1770775200,3,250.89,0.0,0.71,118.29,1.85,25.93,29.61,0.0
1770778800,3,248.56,0.01,0.9,116.3,2.13,27.32,31.13,0.0
1770782400,3,247.2,0.03,1.12,113.9,2.39,29.4,33.59,0.0
1770786000,3,246.3,0.05,1.2,112.67,2.56,31.54,36.15,0.0
1770789600,3,246.98,0.06,1.05,114.78,2.58,33.2,37.94,0.0
1770793200,3,248.22,0.06,0.82,117.88,2.38,33.69,38.16,0.0
1770796800,3,248.97,0.06,0.64,119.09,2.16,34.55,38.71,0.0
1770800400,3,249.71,0.06,0.55,120.3,1.99,36.21,40.19,0.0
1770804000,3,251.74,0.05,0.5,122.44,1.8,37.0,40.74,0.0
1770807600,3,252.79,0.05,0.53,122.95,1.58,36.22,39.71,0.0
1770811200,3,253.66,0.03,0.61,123.17,1.41,35.05,38.37,0.0
1770814800,3,255.54,0.01,0.72,124.35,1.39,34.98,38.39,0.0
1770818400,3,253.86,0.0,0.69,124.53,1.41,35.21,39.08,0.0
1770822000,3,249.55,0.0,0.63,124.27,1.42,35.42,40.28,0.0
1770825600,3,243.81,0.0,0.61,124.6,1.5,36.03,42.5,0.0
1770829200,3,237.34,0.0,0.61,125.83,1.65,37.09,45.67,0.0
1770832800,3,229.64,0.0,0.64,127.2,1.86,38.13,49.12,0.0
1770836400,3,222.21,0.0,0.65,128.23,2.06,38.57,51.65,0.0
1770840000,3,217.18,0.0,0.65,128.47,2.19,38.63,52.8,0.0
1770843600,3,216.54,0.0,0.66,128.86,2.36,39.0,53.52,0.0
1770847200,3,222.36,0.0,0.76,128.57,2.7,39.7,54.01,0.0
1770850800,3,229.2,0.0,0.88,126.7,3.11,40.34,54.19,0.0
1770854400,3,234.99,0.0,0.98,123.33,3.48,40.71,54.05,0.0
1770858000,3,237.47,0.0,1.01,120.26,3.67,40.87,53.52,0.0
1770861600,3,240.13,0.0,1.03,118.85,3.67,41.15,53.14,0.0
1770865200,3,243.16,0.02,1.15,118.57,3.57,41.47,52.73,0.0
1770868800,3,245.9,0.07,1.11,119.98,3.39,41.88,52.32,0.0
1770872400,3,249.78,0.07,0.94,123.38,3.16,42.91,52.78,0.0
1770876000,3,254.89,0.06,0.76,127.16,2.92,44.55,54.04,0.0
1770879600,3,259.9,0.05,0.64,129.82,2.65,46.27,55.16,0.0
1770883200,3,264.09,0.05,0.55,131.07,2.33,47.33,55.5,0.0
1770886800,3,267.03,0.05,0.49,132.17,2.07,47.85,55.42,0.0
1770890400,3,267.48,0.04,0.49,132.5,1.87,47.96,55.29,0.0
1770894000,3,264.9,0.04,0.52,132.2,1.7,47.64,55.02,0.0
1770897600,3,260.93,0.03,0.6,131.45,1.6,46.72,54.24,0.0
1770901200,3,257.84,0.01,0.68,131.25,1.6,45.89,53.57,0.0
1770904800,3,254.06,0.0,0.63,130.24,1.62,45.15,52.94,0.0
1770908400,3,251.68,0.0,0.55,129.37,1.61,44.3,52.1,0.0
1770912000,3,250.18,0.0,0.51,128.36,1.59,43.51,51.19,0.0
1770915600,3,249.03,0.0,0.49,127.5,1.57,42.77,50.16,0.0
1770919200,3,247.88,0.0,0.48,126.34,1.53,42.13,49.26,0.0
1770922800,3,246.66,0.0,0.46,124.84,1.47,41.59,48.58,0.0
1770926400,3,244.85,0.0,0.44,124.36,1.44,41.41,48.31,0.0
1770930000,3,243.74,0.0,0.41,124.78,1.48,41.87,48.69,0.0
1770933600,3,244.93,0.0,0.41,126.12,1.66,43.13,49.95,0.0
1770937200,3,248.61,0.0,0.42,127.62,1.95,44.94,51.84,0.0
1770940800,3,254.4,0.0,0.46,129.72,2.32,47.19,54.28,0.0
1770944400,3,263.12,0.0,0.52,131.59,2.83,49.92,57.32,0.0
1770948000,4,273.39,0.0,0.64,132.47,3.34,52.53,60.23,0.0
1770951600,4,281.4,0.01,0.85,131.99,3.75,54.45,62.33,0.0
1770955200,4,284.29,0.02,1.0,130.06,4.05,55.04,62.98,0.0
1770958800,4,282.76,0.04,1.01,128.5,4.22,55.02,63.09,0.0
1770962400,4,278.42,0.06,0.86,128.29,4.31,55.37,63.7,0.0
1770966000,4,274.02,0.07,0.64,129.42,4.27,57.3,65.88,0.0
1770969600,4,270.28,0.06,0.59,130.51,4.13,60.05,68.75,0.0
1770973200,4,268.46,0.06,0.58,131.3,3.95,62.47,71.2,0.0
1770976800,4,268.43,0.05,0.64,131.65,3.67,64.54,73.19,0.0
1770980400,4,269.13,0.04,0.76,130.51,3.3,65.59,74.24,0.0
1770984000,4,270.18,0.03,0.87,128.47,2.96,65.73,74.69,0.0
1770987600,4,271.0,0.01,0.95,126.95,2.67,65.21,74.57,0.0
1770991200,4,270.54,0.0,0.83,125.62,2.43,63.85,73.36,0.0
1770994800,4,267.97,0.0,0.69,125.5,2.25,61.89,71.2,0.0
1770998400,4,264.72,0.0,0.58,126.74,2.14,59.58,68.26,0.0
1771002000,4,262.18,0.0,0.52,126.18,1.98,58.06,66.64,0.0
1771005600,4,261.39,0.0,0.49,125.32,1.9,57.4,66.09,0.0
1771009200,4,260.08,0.0,0.46,124.46,1.88,56.57,64.63,0.0
1771012800,4,258.93,0.0,0.43,123.45,1.79,55.6,62.77,0.0
1771016400,4,258.66,0.0,0.4,123.34,1.71,55.41,62.06,0.0
1771020000,4,259.16,0.0,0.41,121.84,1.79,55.07,61.07,0.0
1771023600,4,260.61,0.0,0.43,120.29,1.86,54.82,60.28,0.0
1771027200,4,262.59,0.0,0.45,119.95,1.94,54.7,59.79,0.0
1771030800,4,262.81,0.0,0.45,119.6,1.9,54.42,59.21,0.0
1771034400,4,264.63,0.0,0.48,119.39,1.75,54.48,59.29,0.0
1771038000,4,267.51,0.01,0.54,120.54,1.55,54.43,59.46,0.0
1771041600,4,273.37,0.02,0.47,123.96,1.43,54.11,59.23,0.0
1771045200,4,278.33,0.03,0.44,124.65,1.43,54.12,59.59,0.0
1771048800,4,283.11,0.03,0.44,124.58,1.48,55.07,60.9,0.0
1771052400,4,286.55,0.03,0.41,124.32,1.49,56.38,62.68,0.0
1771056000,4,287.61,0.03,0.39,122.96,1.47,57.7,64.39,0.0
1771059600,4,288.3,0.04,0.38,121.08,1.45,58.87,65.75,0.0
1771063200,4,288.04,0.04,0.41,119.46,1.36,60.35,67.63,0.0
1771066800,4,285.75,0.04,0.48,117.36,1.26,61.9,70.05,0.0
1771070400,4,282.77,0.03,0.57,115.18,1.25,62.42,71.64,0.0
1771074000,4,280.62,0.01,0.68,113.06,1.29,62.39,72.65,0.0
1771077600,4,278.23,0.0,0.66,110.46,1.26,61.58,72.21,0.0
1771081200,4,274.62,0.0,0.6,109.13,1.27,60.15,70.66,0.0
1771084800,4,270.9,0.0,0.52,109.64,1.36,57.68,67.0,0.0
1771088400,4,268.48,0.0,0.49,109.35,1.39,56.05,64.83,0.0
1771092000,4,267.1,0.0,0.46,109.05,1.42,54.89,63.35,0.0
1771095600,4,265.62,0.0,0.45,108.26,1.56,53.54,61.18,0.0
1771099200,4,265.09,0.0,0.46,107.65,1.64,52.13,58.83,0.0
1771102800,4,264.04,0.0,0.46,106.96,1.67,50.97,56.84,0.0
1771106400,3,260.82,0.0,0.45,105.96,1.55,49.93,55.44,0.0
1771110000,3,257.03,0.0,0.44,105.47,1.44,49.07,54.59,0.0
1771113600,3,252.71,0.0,0.42,105.13,1.33,48.09,53.64,0.0
1771203600,3,264.51,0.0,0.4,108.62,0.61,28.16,31.35,0.13
1771207200,3,265.04,0.0,0.44,108.16,0.71,26.62,29.37,0.06
1771210800,3,264.51,0.0,0.58,108.69,0.94,27.8,30.58,0.01
1771214400,3,263.44,0.01,0.86,109.21,1.35,33.06,36.55,0.01
1771218000,3,263.41,0.03,1.22,110.1,1.92,41.49,46.19,0.01
1771221600,3,265.13,0.05,1.33,113.93,2.36,49.79,55.63,0.0
1771225200,4,266.45,0.07,1.06,120.21,2.53,56.59,63.25,0.0
1771228800,4,268.06,0.06,0.86,124.88,2.54,61.56,68.57,0.0
1771232400,4,267.92,0.06,0.75,128.25,2.45,65.27,72.2,0.0
1771236000,4,267.12,0.07,0.64,130.3,2.19,66.28,72.91,0.0
1771239600,4,264.28,0.06,0.67,128.39,1.87,62.85,68.95,0.0
1771243200,4,262.49,0.04,0.76,124.62,1.56,56.57,62.15,0.0
1771246800,3,262.24,0.01,0.87,120.62,1.28,49.05,54.17,0.0
1771250400,3,260.58,0.0,0.79,116.17,1.0,40.78,45.43,0.0
1771254000,3,257.34,0.0,0.64,112.46,0.77,33.17,37.37,0.0
1771257600,3,252.37,0.0,0.5,112.65,0.58,28.32,31.89,0.0
1771261200,3,251.28,0.0,0.44,111.52,0.48,25.83,29.07,0.0
1771264800,3,251.42,0.0,0.4,110.3,0.42,24.81,27.86,0.0
1771268400,3,251.11,0.0,0.4,108.44,0.39,24.5,27.57,0.0
1771272000,3,250.88,0.0,0.42,107.07,0.41,24.57,27.8,0.0
1771275600,3,250.49,0.0,0.44,106.38,0.44,24.54,27.87,0.0
1771279200,3,250.74,0.0,0.47,105.89,0.48,24.7,28.14,0.0
1771282800,3,250.78,0.0,0.47,105.15,0.51,25.18,28.73,0.0
1771286400,3,250.82,0.0,0.45,104.56,0.52,25.71,29.33,0.0
1771290000,3,249.75,0.0,0.4,103.66,0.49,25.85,29.34,0.0
1771293600,3,248.47,0.0,0.42,104.15,0.51,25.67,29.01,0.0
1771297200,3,248.05,0.01,0.49,105.48,0.61,25.96,29.37,0.0
1771300800,3,250.79,0.04,0.56,107.18,0.91,28.03,31.91,0.0
1771304400,3,255.62,0.06,0.6,109.63,1.23,32.01,36.57,0.0
1771308000,3,259.23,0.05,0.52,114.26,1.42,36.61,41.74,0.0
1771311600,3,257.76,0.04,0.37,117.47,1.37,38.39,43.35,0.0
1771315200,3,255.95,0.03,0.32,116.61,1.24,39.24,44.06,0.0
1771318800,3,255.03,0.03,0.32,115.46,1.18,40.36,45.15,0.0
1771322400,3,254.17,0.03,0.33,112.61,1.04,40.47,45.09,0.0
1771326000,3,251.97,0.03,0.36,108.59,0.9,39.85,44.24,0.0
1771329600,3,249.59,0.02,0.42,105.54,0.81,39.06,43.26,0.0
1771333200,3,248.16,0.01,0.5,102.98,0.74,38.43,42.52,0.0
1771336800,3,246.62,0.0,0.45,99.01,0.62,38.03,42.11,0.0
1771340400,3,245.78,0.0,0.37,95.57,0.47,38.91,43.04,0.0
1771344000,3,246.17,0.0,0.28,93.94,0.34,41.06,44.98,0.0
1771347600,3,246.22,0.0,0.26,92.75,0.28,42.85,46.62,0.0
1771351200,3,246.79,0.0,0.26,92.17,0.27,44.1,47.83,0.0
1771354800,3,246.91,0.0,0.29,92.07,0.45,44.31,47.83,0.0
1771358400,3,247.62,0.0,0.34,92.59,0.65,43.05,46.29,0.0
1771362000,3,247.46,0.0,0.38,94.24,0.76,40.39,43.45,0.0
1771365600,3,245.63,0.0,0.4,96.99,0.79,37.94,41.05,0.0
1771369200,3,244.26,0.0,0.4,100.46,0.79,36.89,40.25,0.0
1771372800,3,242.53,0.0,0.4,104.54,0.81,36.78,40.52,0.0
1771376400,3,240.44,0.0,0.37,108.92,0.79,37.31,41.44,0.0
1771380000,3,238.88,0.0,0.4,111.95,0.86,37.65,42.37,0.0
1771383600,3,237.5,0.01,0.48,113.31,0.9,37.85,43.18,0.0
1771387200,3,235.59,0.03,0.47,114.23,0.95,38.27,44.19,0.0
1771390800,3,233.7,0.03,0.44,115.15,1.02,38.98,45.55,0.0
1771394400,3,231.27,0.02,0.43,115.77,1.08,39.65,46.8,0.0
1771398000,3,229.07,0.02,0.4,115.27,1.05,39.87,47.21,0.0
1771401600,3,227.62,0.02,0.36,112.9,0.92,39.53,46.58,0.0
1771405200,3,227.57,0.02,0.32,109.64,0.77,39.11,45.59,0.0
1771408800,3,229.47,0.02,0.28,105.48,0.6,39.3,45.01,0.0
1771412400,3,232.78,0.02,0.26,100.96,0.46,39.94,44.83,0.0
1771416000,3,236.61,0.01,0.27,97.43,0.36,40.62,44.77,0.0
1771419600,3,241.76,0.0,0.3,95.22,0.29,41.35,45.0,0.0
1771423200,3,246.16,0.0,0.3,92.97,0.26,42.22,45.66,0.0
1771426800,3,249.67,0.0,0.28,91.03,0.25,43.2,46.67,0.0
1771430400,3,251.48,0.0,0.27,89.4,0.24,44.06,47.68,0.0
1771434000,3,252.61,0.0,0.27,88.61,0.25,44.71,48.35,0.0
1771437600,3,253.22,0.0,0.27,88.56,0.27,45.34,49.02,0.0
1771441200,3,253.94,0.0,0.29,88.93,0.36,45.98,49.72,0.0
1771444800,3,255.12,0.0,0.31,89.86,0.49,46.24,49.95,0.0
1771448400,3,256.66,0.0,0.32,90.87,0.61,45.7,49.17,0.0
1771452000,3,256.8,0.0,0.33,92.43,0.6,44.35,47.58,0.0
1771455600,3,257.99,0.0,0.34,95.13,0.57,43.1,46.21,0.0
1771459200,3,260.42,0.0,0.34,97.75,0.57,42.44,45.53,0.0
1771462800,3,265.8,0.0,0.37,99.98,0.67,42.4,45.47,0.0
1771466400,3,273.8,0.0,0.5,100.83,0.94,43.5,46.77,0.0
1771470000,3,283.93,0.01,0.79,101.0,1.4,46.0,49.85,0.0
1771473600,3,292.21,0.06,1.12,99.95,1.98,49.28,54.33,0.0
1771477200,4,296.53,0.11,1.25,102.8,2.61,53.19,59.87,0.0
1771480800,4,298.02,0.11,1.05,110.77,3.14,58.06,66.36,0.0
1771484400,4,297.52,0.09,0.83,119.91,3.42,63.98,73.53,0.0
1771488000,4,297.51,0.08,0.72,124.95,3.43,69.59,79.84,0.0
1771491600,4,295.74,0.07,0.68,128.4,3.24,73.62,83.96,0.0
1771495200,5,292.62,0.07,0.67,129.91,2.92,75.31,85.38,0.0
1771498800,5,292.87,0.06,0.73,130.38,2.66,76.62,86.9,0.0
1771502400,5,294.34,0.05,0.89,131.91,2.65,77.89,89.07,0.0
1771506000,5,297.23,0.01,1.12,133.52,2.75,79.56,92.06,0.0
1771509600,5,297.34,0.0,1.07,132.67,2.76,80.87,94.02,0.0
1771513200,5,295.35,0.0,0.96,132.57,2.74,81.66,94.63,0.0
1771516800,5,290.93,0.0,0.87,133.38,2.8,81.23,93.38,0.0
1771520400,5,288.97,0.0,0.82,132.84,2.78,81.35,93.43,0.0
1771524000,5,288.41,0.0,0.77,131.85,2.72,81.35,93.38,0.0
1771527600,5,278.66,0.0,0.65,128.88,2.41,75.22,86.08,0.0
1771531200,4,267.78,0.0,0.59,124.21,2.07,66.17,75.61,0.0
1771534800,4,264.95,0.0,0.58,121.57,1.9,60.93,69.59,0.0
1771538400,4,265.68,0.0,0.57,120.61,1.81,58.76,67.09,0.0
1771542000,4,266.47,0.0,0.56,120.88,1.76,59.92,68.41,0.0
1771545600,4,267.61,0.0,0.53,121.0,1.72,61.46,70.15,0.0
1771549200,4,268.88,0.0,0.51,120.49,1.65,60.74,68.92,0.0
1771552800,4,269.22,0.0,0.5,119.52,1.49,58.74,66.04,0.0
1771556400,4,270.62,0.0,0.53,118.77,1.36,58.43,65.22,0.0
1771560000,4,272.46,0.02,0.51,117.97,1.33,59.97,66.95,0.0
1771563600,4,277.71,0.03,0.47,118.57,1.45,63.25,70.89,0.0
1771567200,4,282.08,0.04,0.41,119.54,1.56,65.81,73.94,0.0
1771570800,4,284.82,0.04,0.37,119.96,1.57,67.71,76.13,0.0
1771574400,4,285.56,0.04,0.36,118.93,1.51,68.86,77.37,0.03
1771578000,4,285.26,0.04,0.36,117.9,1.43,69.02,77.43,0.06
1771581600,4,284.63,0.04,0.38,116.74,1.3,68.44,76.68,0.08
1771585200,4,281.57,0.04,0.42,115.88,1.14,67.66,75.8,0.08
1771588800,4,278.87,0.03,0.5,114.88,1.01,66.54,74.61,0.07
1771592400,4,278.12,0.0,0.61,114.11,0.92,65.08,73.09,0.05
1771596000,4,276.89,0.0,0.61,113.13,0.87,62.57,70.25,0.03
1771599600,4,276.71,0.0,0.58,112.6,0.85,59.46,66.66,0.03
1771603200,4,276.15,0.0,0.57,111.91,0.85,56.03,62.83,0.03
1771606800,4,276.27,0.0,0.57,111.66,0.89,52.89,59.47,0.02
1771610400,4,276.03,0.0,0.58,111.03,0.95,50.51,56.94,0.02
1771614000,3,274.35,0.0,0.6,110.45,1.14,46.86,52.54,0.01
1771617600,3,273.84,0.0,0.6,110.01,1.19,43.04,47.87,0.0
1771621200,3,274.2,0.0,0.59,109.94,1.13,41.45,45.64,0.0
1771624800,3,275.19,0.0,0.55,110.89,1.11,41.43,45.09,0.0
1771628400,3,276.62,0.0,0.5,112.24,1.05,42.13,45.44,0.0
1771632000,3,276.82,0.0,0.46,113.6,0.99,42.88,45.99,0.0
1771635600,3,273.79,0.0,0.42,113.88,0.92,44.22,47.38,0.0
1771639200,3,271.38,0.0,0.43,113.67,0.9,46.17,49.6,0.0
1771642800,3,269.31,0.01,0.47,113.0,0.87,47.45,51.13,0.0
1771646400,3,265.2,0.03,0.39,111.77,0.82,47.95,51.89,0.0
1771650000,3,260.82,0.03,0.27,110.27,0.76,48.55,52.92,0.0
1771653600,3,253.99,0.02,0.2,107.72,0.7,49.15,54.06,0.0
1771657200,3,244.88,0.02,0.18,103.22,0.65,49.66,55.34,0.0
1771660800,3,235.46,0.02,0.19,97.9,0.61,49.89,56.43,0.0
1771664400,3,226.77,0.02,0.21,93.81,0.61,49.79,57.07,0.0
1771668000,3,220.7,0.02,0.26,91.81,0.65,49.37,57.24,0.0
1771671600,3,216.53,0.01,0.35,90.63,0.69,47.61,55.66,0.0
1771675200,3,214.81,0.0,0.45,90.34,0.73,45.02,52.98,0.0
1771678800,3,214.63,0.0,0.49,91.46,0.79,41.79,48.6,0.0
1771682400,3,214.26,0.0,0.5,91.38,0.85,39.41,45.42,0.0
1771686000,3,212.83,0.0,0.5,91.66,0.89,37.79,43.17,0.0
1771689600,3,212.12,0.0,0.45,92.64,0.87,35.64,39.6,0.0
1771693200,3,213.19,0.0,0.45,92.87,0.83,33.3,36.31,0.0
1771696800,3,214.09,0.0,0.5,92.89,0.84,32.65,35.09,0.0
1771700400,3,214.35,0.0,0.59,91.64,0.89,32.72,34.73,0.0
1771704000,3,218.19,0.0,0.72,90.34,0.97,33.33,35.08,0.0
1771707600,3,225.02,0.0,0.84,89.42,1.02,33.92,35.47,0.0
1771711200,3,230.36,0.0,0.87,89.98,0.99,34.6,35.98,0.0
1771714800,3,229.09,0.0,0.82,90.04,0.93,34.67,36.14,0.0
1771718400,3,223.43,0.0,0.71,90.11,0.81,33.72,35.24,0.0
1771894800,3,182.54,0.0,0.27,77.11,0.37,26.29,27.62,0.0
1771898400,3,183.93,0.0,0.35,76.87,0.55,25.89,27.25,0.05
1771902000,3,187.96,0.01,0.48,77.47,0.75,25.74,27.26,0.1
1771905600,3,195.18,0.03,0.66,77.61,1.05,25.62,27.46,0.17
1771909200,3,209.79,0.07,0.76,79.05,1.36,25.76,27.81,0.24
1771912800,3,224.76,0.09,0.64,83.43,1.56,26.5,28.53,0.23
1771916400,3,231.25,0.07,0.46,87.5,1.55,27.9,29.75,0.14
1771920000,3,234.71,0.06,0.41,89.98,1.53,29.67,31.52,0.09
1771923600,3,236.22,0.05,0.4,91.85,1.49,31.04,32.88,0.04
1771927200,3,234.73,0.05,0.4,92.42,1.37,31.48,33.27,0.01
1771930800,3,227.27,0.05,0.41,90.05,1.14,30.6,32.29,0.0
1771934400,3,217.71,0.04,0.44,86.11,0.87,28.86,30.42,0.0
1771938000,3,207.9,0.01,0.44,82.43,0.58,26.38,27.66,0.0
1771941600,2,202.89,0.0,0.4,79.76,0.44,24.66,25.85,0.0
1771945200,2,199.29,0.0,0.34,77.99,0.35,23.31,24.44,0.0
1771948800,2,197.79,0.0,0.3,77.19,0.29,21.65,22.68,0.0
1771952400,2,198.05,0.0,0.28,77.3,0.24,19.85,20.81,0.0
1771956000,2,197.26,0.0,0.28,76.88,0.23,18.95,19.9,0.0
1771959600,2,194.65,0.0,0.33,75.08,0.26,19.07,20.16,0.0
1771963200,2,192.84,0.0,0.42,73.69,0.34,19.46,20.73,0.0
1771966800,2,191.2,0.0,0.49,73.88,0.42,19.44,20.82,0.0
1771970400,2,190.62,0.0,0.53,74.3,0.51,19.36,20.78,0.0
1771974000,2,193.22,0.0,0.58,74.21,0.59,19.45,20.87,0.0
1771977600,2,197.57,0.0,0.61,73.82,0.63,19.51,20.89,0.0
1771981200,2,201.85,0.0,0.53,74.2,0.57,19.38,20.6,0.0
1771984800,2,203.41,0.0,0.52,73.71,0.54,19.35,20.5,0.0
1771988400,2,204.28,0.01,0.54,73.51,0.5,19.75,20.83,0.0
1771992000,2,204.92,0.01,0.52,73.78,0.5,20.39,21.4,0.0
1771995600,2,207.64,0.02,0.56,74.13,0.56,21.18,22.22,0.0
1771999200,2,211.23,0.03,0.58,74.86,0.64,21.96,23.03,0.0
1772002800,2,213.92,0.04,0.46,76.72,0.68,23.04,24.12,0.0
1772006400,2,211.84,0.02,0.45,76.68,0.65,23.64,24.73,0.0
1772010000,2,207.48,0.02,0.45,75.66,0.58,23.89,25.01,0.0
1772013600,2,202.82,0.02,0.39,74.13,0.48,24.55,25.77,0.0
1772017200,3,199.79,0.03,0.3,71.79,0.36,26.3,27.74,0.0
1772020800,3,201.49,0.02,0.27,70.51,0.27,29.52,31.24,0.0
1772024400,3,210.18,0.01,0.26,71.09,0.19,33.73,35.43,0.0
1772028000,3,219.73,0.0,0.27,71.71,0.18,37.08,38.89,0.0
1772031600,3,228.75,0.0,0.28,72.57,0.18,39.94,41.87,0.0
1772035200,3,235.51,0.0,0.28,73.8,0.19,41.81,43.86,0.0
1772038800,3,240.17,0.0,0.27,74.81,0.19,43.5,45.73,0.0
1772042400,3,242.2,0.0,0.27,75.82,0.2,45.6,48.1,0.0
1772046000,3,241.19,0.0,0.26,76.74,0.2,47.71,50.52,0.0
1772049600,3,238.55,0.0,0.25,77.71,0.2,48.42,51.5,0.0
1772053200,3,235.03,0.0,0.24,78.76,0.21,47.92,51.22,0.0
1772056800,3,231.16,0.0,0.22,80.11,0.21,46.22,49.63,0.0
1772060400,3,226.93,0.0,0.22,81.39,0.22,44.0,47.47,0.0
1772064000,3,223.94,0.0,0.22,82.06,0.24,42.54,46.03,0.0
1772067600,3,222.27,0.0,0.24,82.62,0.27,41.9,45.5,0.0
1772071200,3,222.28,0.0,0.28,82.54,0.33,42.17,45.95,0.0
1772074800,3,223.16,0.02,0.34,82.3,0.4,42.71,46.67,0.0
1772078400,3,225.49,0.04,0.34,82.09,0.52,43.31,47.39,0.0
1772082000,3,229.78,0.05,0.33,83.41,0.67,44.25,48.48,0.0
1772085600,3,234.24,0.04,0.31,86.0,0.8,45.5,49.84,0.0
1772089200,3,239.83,0.05,0.32,88.86,0.91,47.18,51.68,0.0
1772092800,3,244.96,0.05,0.35,91.45,1.0,49.06,53.81,0.0
1772096400,4,247.62,0.05,0.37,94.34,1.03,50.61,55.61,0.0
1772100000,4,246.65,0.05,0.38,96.79,0.97,51.42,56.75,0.0
1772103600,4,242.95,0.04,0.41,97.15,0.84,51.86,57.68,0.0
1772107200,4,238.9,0.03,0.48,96.62,0.7,53.0,59.42,0.0
1772110800,4,235.93,0.01,0.51,96.02,0.58,55.24,62.0,0.0
1772114400,4,236.47,0.0,0.48,95.88,0.52,58.22,65.44,0.0
1772118000,4,239.12,0.0,0.45,96.86,0.51,61.26,68.82,0.0
1772121600,4,242.4,0.0,0.43,98.26,0.54,63.65,71.21,0.0
1772125200,4,245.1,0.0,0.41,99.87,0.58,65.61,73.23,0.0
1772128800,4,245.34,0.0,0.4,100.72,0.62,66.81,74.73,0.0
1772132400,4,242.18,0.0,0.41,99.66,0.64,66.82,75.34,0.0
1772136000,4,237.18,0.0,0.43,97.82,0.66,65.81,74.91,0.0
1772139600,4,231.66,0.0,0.44,96.44,0.69,64.1,73.53,0.0
1772143200,4,222.95,0.0,0.43,94.87,0.68,61.08,70.79,0.0
1772146800,4,210.31,0.0,0.4,91.86,0.62,56.14,65.89,0.0
1772150400,3,195.56,0.0,0.37,89.3,0.56,49.85,59.2,0.0
1772154000,3,180.19,0.0,0.27,87.52,0.46,42.8,51.46,0.0
1772157600,3,167.03,0.0,0.25,83.83,0.4,36.38,44.64,0.0
1772161200,3,154.04,0.01,0.24,79.76,0.35,30.07,37.84,0.0
1772164800,2,144.89,0.02,0.2,76.51,0.31,24.54,31.52,0.0
1772168400,2,139.04,0.02,0.17,74.0,0.28,20.6,26.98,0.0
1772172000,2,133.2,0.02,0.15,70.74,0.28,17.92,24.02,0.0
1772175600,2,128.46,0.02,0.14,67.61,0.28,15.74,21.88,0.01
1772179200,2,125.53,0.02,0.13,64.99,0.28,14.29,20.6,0.02
1772182800,2,124.43,0.02,0.13,63.05,0.29,13.66,20.3,0.03
1772186400,2,123.36,0.02,0.13,61.73,0.29,12.87,19.74,0.05
1772190000,2,122.15,0.02,0.14,61.46,0.27,11.74,18.54,0.06
1772193600,2,120.59,0.02,0.17,61.79,0.26,10.71,17.45,0.06
1772197200,2,118.42,0.0,0.22,61.87,0.26,9.92,16.7,0.07
1772200800,2,115.62,0.0,0.25,61.46,0.27,9.39,16.42,0.06
1772204400,2,112.82,0.0,0.26,61.95,0.28,8.87,15.96,0.06
1772208000,2,110.34,0.0,0.27,62.8,0.28,8.41,15.41,0.06
1772211600,2,108.53,0.0,0.27,64.46,0.28,8.02,14.8,0.06
1772215200,2,106.8,0.0,0.27,65.89,0.28,7.68,14.21,0.06
1772218800,2,105.23,0.0,0.26,66.94,0.28,7.45,13.87,0.06
1772222400,2,104.08,0.0,0.26,67.3,0.27,7.4,13.86,0.05
1772226000,2,103.53,0.0,0.26,67.21,0.27,7.48,14.08,0.05
1772229600,2,103.11,0.0,0.26,66.99,0.27,7.64,14.46,0.05
1772233200,2,102.97,0.0,0.25,66.57,0.26,7.83,14.89,0.05
1772236800,2,102.92,0.0,0.25,66.14,0.26,8.05,15.37,0.04
1772240400,2,103.27,0.0,0.25,65.83,0.28,8.22,15.35,0.04
1772244000,2,103.51,0.0,0.25,65.92,0.29,8.38,15.0,0.05
1772247600,2,103.57,0.0,0.27,66.1,0.3,8.55,14.77,0.06
1772251200,2,102.69,0.01,0.27,66.35,0.36,8.51,14.16,0.07
1772254800,2,104.2,0.02,0.28,67.91,0.48,8.58,13.64,0.09
1772258400,2,108.18,0.03,0.31,69.77,0.63,8.91,13.38,0.1
1772262000,2,113.56,0.03,0.37,70.98,0.75,9.56,13.7,0.1
1772265600,2,119.0,0.03,0.45,71.84,0.81,10.32,14.3,0.09
1772269200,2,123.1,0.02,0.54,72.93,0.83,10.89,14.64,0.08
1772272800,2,124.16,0.03,0.53,74.4,0.73,11.22,15.0,0.07
1772276400,2,121.74,0.04,0.48,74.54,0.66,11.27,15.44,0.06
1772280000,2,118.54,0.03,0.45,74.91,0.55,11.01,15.75,0.05
1772283600,2,115.08,0.01,0.4,76.0,0.41,10.37,15.59,0.05
1772287200,2,114.16,0.0,0.35,76.48,0.35,10.02,15.41,0.05
1772290800,2,114.82,0.0,0.33,77.34,0.34,9.92,15.28,0.06
1772294400,2,118.17,0.0,0.32,79.31,0.4,10.02,15.04,0.08
1772298000,2,124.57,0.0,0.36,82.16,0.52,10.62,15.2,0.11
1772301600,2,133.06,0.0,0.45,84.94,0.7,11.72,16.07,0.14
1772305200,2,141.27,0.0,0.54,87.33,0.86,12.94,17.26,0.15
1772308800,2,149.11,0.0,0.62,88.96,1.02,14.2,18.6,0.16
1772312400,2,158.34,0.0,0.7,90.73,1.18,15.69,20.26,0.16
1772316000,2,166.39,0.0,0.74,92.0,1.29,16.95,21.73,0.15
1772319600,2,172.55,0.0,0.75,92.55,1.36,17.92,22.99,0.14
1772323200,2,177.5,0.0,0.76,92.8,1.41,18.69,24.08,0.13
1772413200,2,125.11,0.0,0.45,67.32,0.58,12.19,17.0,0.0
1772416800,2,124.32,0.0,0.47,67.22,0.56,12.05,17.07,0.0
1772420400,2,124.06,0.03,0.46,67.65,0.55,11.87,17.02,0.0
1772424000,2,128.66,0.03,0.34,70.98,0.51,12.19,16.93,0.0
1772427600,2,138.29,0.02,0.29,76.53,0.52,13.19,17.28,0.0
1772431200,2,143.16,0.01,0.3,79.97,0.54,13.54,17.22,0.0
1772434800,2,144.1,0.01,0.32,81.11,0.53,13.16,16.56,0.0
1772438400,2,141.29,0.01,0.32,80.11,0.5,12.32,15.55,0.0
1772442000,2,138.49,0.01,0.31,79.33,0.47,11.66,14.69,0.0
1772445600,2,136.75,0.03,0.25,77.74,0.42,11.52,14.56,0.0
1772449200,2,135.38,0.03,0.26,75.26,0.38,11.59,14.83,0.0
1772452800,2,135.59,0.03,0.31,73.61,0.37,11.71,15.14,0.0
1772456400,2,136.95,0.01,0.4,73.07,0.37,11.82,15.44,0.0
1772460000,2,138.07,0.0,0.43,72.21,0.36,11.79,15.42,0.0
1772463600,2,138.66,0.0,0.41,72.09,0.34,11.62,15.14,0.0
1772467200,2,137.87,0.0,0.36,72.73,0.31,11.28,14.53,0.0
1772470800,2,136.55,0.0,0.34,72.18,0.31,10.94,14.14,0.0
1772474400,2,134.89,0.0,0.34,71.55,0.32,10.61,13.81,0.0
1772478000,2,133.19,0.0,0.34,70.9,0.34,10.28,13.47,0.0
1772481600,2,131.63,0.0,0.33,70.54,0.35,9.9,13.1,0.0
1772485200,2,129.55,0.0,0.3,70.32,0.35,9.45,12.65,0.0
1772488800,2,126.95,0.0,0.28,69.29,0.35,8.9,12.1,0.0
1772492400,2,123.48,0.0,0.3,67.73,0.41,8.38,11.66,0.0
1772496000,2,120.89,0.0,0.33,66.85,0.48,8.03,11.38,0.0
1772499600,2,118.64,0.0,0.38,65.68,0.95,7.71,11.07,0.0
1772503200,2,116.46,0.0,0.46,64.0,1.53,7.42,10.72,0.0
1772506800,2,114.79,0.02,0.52,63.22,1.93,7.24,10.42,0.0
1772510400,2,112.14,0.05,0.47,62.82,1.75,7.22,10.38,0.0
1772514000,2,110.9,0.05,0.37,63.55,1.32,7.47,10.74,0.0
1772517600,2,110.29,0.04,0.27,64.96,1.01,7.8,11.15,0.0
1772521200,2,110.64,0.02,0.17,66.59,0.69,8.16,11.4,0.0
1772524800,2,110.81,0.02,0.14,65.81,0.54,8.48,11.79,0.0
1772528400,2,110.55,0.02,0.13,64.57,0.47,8.69,12.08,0.0
1772532000,2,110.85,0.02,0.13,63.74,0.44,8.76,12.2,0.0
1772535600,2,110.06,0.01,0.16,63.17,0.43,8.71,12.22,0.0
1772539200,2,109.79,0.01,0.2,62.74,0.43,8.66,12.29,0.0
1772542800,2,110.38,0.0,0.26,62.2,0.43,8.71,12.74,0.0
1772546400,2,111.31,0.0,0.3,61.25,0.44,8.67,12.99,0.0
1772550000,2,112.23,0.0,0.32,61.05,0.44,8.47,12.68,0.0
1772553600,2,113.12,0.0,0.34,61.08,0.55,8.15,11.93,0.0
1772557200,2,114.34,0.0,0.38,61.04,0.61,7.96,11.4,0.0
1772560800,2,115.2,0.0,0.41,61.67,0.62,7.89,11.09,0.0
1772564400,2,114.59,0.0,0.34,62.7,0.53,7.79,10.71,0.0
1772568000,2,114.35,0.0,0.32,62.62,0.48,7.83,10.73,0.0
1772571600,2,113.76,0.0,0.3,62.24,0.44,7.96,10.93,0.0
1772575200,2,113.85,0.0,0.29,62.19,0.42,8.2,11.26,0.0
1772578800,2,114.17,0.0,0.27,62.32,0.41,8.46,11.58,0.0
1772582400,2,114.05,0.0,0.27,62.53,0.42,8.67,11.82,0.0
1772672400,2,141.85,0.0,0.57,75.48,0.79,15.97,18.99,0.0
1772676000,2,141.76,0.0,0.59,74.17,0.75,15.86,18.93,0.0
1772679600,2,141.49,0.03,0.54,73.84,0.67,15.65,18.81,0.0
1772683200,2,144.15,0.03,0.26,77.99,0.53,16.42,19.56,0.0
1772686800,2,149.2,0.03,0.2,81.81,0.56,17.76,21.04,0.0
1772690400,2,151.79,0.03,0.18,83.22,0.59,18.7,22.17,0.0
1772694000,2,152.38,0.03,0.17,82.7,0.6,19.45,23.14,0.0
1772697600,2,152.54,0.02,0.17,81.93,0.61,20.2,24.14,0.0
1772701200,2,152.53,0.02,0.17,81.07,0.64,21.04,25.28,0.0
1772704800,2,152.37,0.03,0.18,80.61,0.65,21.58,26.17,0.0
1772708400,2,150.5,0.03,0.2,78.82,0.61,21.43,26.37,0.0
1772712000,2,148.97,0.02,0.24,77.41,0.57,21.29,26.63,0.0
1772715600,2,148.94,0.01,0.31,76.57,0.55,21.45,27.22,0.0
1772719200,2,148.3,0.0,0.33,75.62,0.54,21.67,27.83,0.0
1772722800,2,148.18,0.0,0.33,74.83,0.54,21.98,28.56,0.0
1772726400,2,147.55,0.0,0.35,74.19,0.56,22.36,29.34,0.0
1772730000,2,147.81,0.0,0.38,74.31,0.59,22.82,30.12,0.0
1772733600,2,147.9,0.0,0.41,74.5,0.63,23.26,30.77,0.0
1772737200,2,147.95,0.0,0.43,74.98,0.69,23.68,31.23,0.0
1772740800,2,148.84,0.0,0.45,76.26,0.8,24.28,31.79,0.0
1772744400,2,149.91,0.0,0.47,77.25,0.89,24.72,32.15,0.0
1772748000,3,150.81,0.0,0.49,77.34,0.92,25.08,32.5,0.0
1772751600,3,151.38,0.0,0.48,76.53,0.87,25.41,32.93,0.0
1772755200,3,151.78,0.0,0.46,76.78,0.79,25.66,33.29,0.0
1772758800,3,152.59,0.0,0.32,79.32,0.69,25.8,33.74,0.0
1772762400,3,153.29,0.0,0.3,80.08,0.65,25.85,33.8,0.0
1772766000,3,154.17,0.01,0.31,80.71,0.64,25.8,33.58,0.0
1772769600,3,154.1,0.02,0.27,81.22,0.66,25.51,33.01,0.0
1772773200,3,154.5,0.02,0.21,81.39,0.66,25.35,32.57,0.0
1772776800,3,154.9,0.02,0.18,81.11,0.67,25.19,32.11,0.0
1772780400,3,154.59,0.02,0.17,80.29,0.63,25.08,31.85,0.0
1772784000,3,154.11,0.02,0.15,78.93,0.57,25.01,31.8,0.0
1772787600,2,153.28,0.02,0.15,77.57,0.53,24.95,31.85,0.0
1772791200,3,153.62,0.02,0.16,76.65,0.51,25.21,32.39,0.0
1772794800,3,152.32,0.02,0.19,75.94,0.5,25.45,32.97,0.0
1772798400,3,151.02,0.02,0.23,75.15,0.49,25.72,33.68,0.0
1772802000,3,150.49,0.0,0.27,74.69,0.47,25.73,33.95,0.0
1772805600,3,150.53,0.0,0.28,74.34,0.46,25.69,34.11,0.0
1772809200,3,149.17,0.0,0.28,73.46,0.46,25.71,34.44,0.0
1772812800,3,147.27,0.0,0.3,71.75,0.45,25.68,34.88,0.0
1772816400,3,146.22,0.0,0.34,70.4,0.46,25.79,35.56,0.0
1772820000,3,145.52,0.0,0.36,69.35,0.47,25.96,36.15,0.0
1772823600,3,144.98,0.0,0.38,68.82,0.6,25.85,35.67,0.0
1772827200,3,145.31,0.0,0.41,68.37,0.74,25.64,34.72,0.0
1772830800,3,146.33,0.0,0.45,68.53,0.86,25.5,33.87,0.0
1772834400,3,145.57,0.0,0.48,68.43,0.9,25.35,33.23,0.0
1772838000,3,145.66,0.0,0.5,68.16,0.91,25.44,32.96,0.0
1772841600,3,145.74,0.0,0.49,68.19,0.88,25.41,32.5,0.0
1772845200,3,146.06,0.0,0.45,69.16,0.78,25.34,31.79,0.0
1772848800,3,147.13,0.0,0.47,69.17,0.75,25.3,31.19,0.0
1772852400,3,148.56,0.02,0.47,70.23,0.74,25.42,30.74,0.0
1772856000,3,151.24,0.04,0.39,72.13,0.71,25.66,30.54,0.0
1772859600,3,153.76,0.04,0.28,73.44,0.66,26.06,30.64,0.0
1772863200,3,156.29,0.03,0.21,74.53,0.58,26.73,31.08,0.0
1772866800,3,158.49,0.02,0.17,74.57,0.5,27.79,31.99,0.0
1772870400,3,160.9,0.03,0.16,73.48,0.49,29.08,33.44,0.0
1772874000,3,162.6,0.03,0.17,72.92,0.49,30.2,34.85,0.0
1772877600,3,165.2,0.03,0.19,73.66,0.5,31.45,36.53,0.0
1772881200,3,167.13,0.03,0.22,73.43,0.47,32.46,38.08,0.0
1772884800,3,169.05,0.02,0.26,73.58,0.43,33.32,39.44,0.0
1772888400,3,171.8,0.0,0.27,74.68,0.34,33.89,40.1,0.0
1772892000,3,173.62,0.0,0.27,75.08,0.31,34.74,41.49,0.0
1772895600,3,175.28,0.0,0.27,75.34,0.3,36.17,43.7,0.0
1772899200,3,177.28,0.0,0.27,75.97,0.4,37.35,45.34,0.0
1772902800,3,179.81,0.0,0.28,76.53,0.57,38.06,46.16,0.0
1772906400,3,182.54,0.0,0.28,77.17,0.75,38.45,46.24,0.0
1772910000,3,181.33,0.0,0.29,76.19,0.71,38.11,45.18,0.0
1772913600,3,181.13,0.0,0.3,75.58,0.65,38.28,45.08,0.0
1772917200,3,181.29,0.0,0.3,74.97,0.61,38.42,45.14,0.0
1772920800,3,182.46,0.0,0.31,75.02,0.57,38.92,45.82,0.0
1772924400,3,182.34,0.0,0.31,74.75,0.53,39.22,46.35,0.0
1772928000,3,182.4,0.0,0.31,74.55,0.51,39.49,46.82,0.0
1772931600,3,182.63,0.0,0.32,74.35,0.51,39.67,47.12,0.0
1772935200,3,182.5,0.0,0.34,74.15,0.51,39.73,47.17,0.0
1772938800,3,182.55,0.02,0.34,74.17,0.53,39.77,47.18,0.0
1772942400,3,183.16,0.03,0.3,75.33,0.59,39.23,46.44,0.0
1772946000,3,183.81,0.04,0.29,76.59,0.71,38.35,45.25,0.0
1772949600,3,185.15,0.04,0.28,78.6,0.83,38.2,44.93,0.0
1772953200,3,185.71,0.04,0.26,79.59,0.87,38.7,45.45,0.0
1772956800,3,184.78,0.04,0.25,79.19,0.84,39.45,46.41,0.0
1772960400,3,183.5,0.03,0.23,77.59,0.76,40.09,47.37,0.0
1772964000,3,181.91,0.03,0.21,74.14,0.56,40.58,48.23,0.0
1772967600,3,180.72,0.03,0.22,71.54,0.43,40.77,48.93,0.0
1772971200,3,180.06,0.02,0.26,69.61,0.38,40.78,49.59,0.0
1772974800,3,180.38,0.0,0.32,68.86,0.37,40.99,50.5,0.0
1772978400,3,180.83,0.0,0.33,68.22,0.35,41.21,51.11,0.0
1772982000,3,180.58,0.0,0.33,68.64,0.35,41.66,51.65,0.0
1772985600,3,180.49,0.0,0.34,69.63,0.41,41.68,51.36,0.0
1772989200,3,180.55,0.0,0.37,70.02,0.7,41.26,50.38,0.0
1772992800,3,180.61,0.0,0.4,70.93,1.07,40.42,48.7,0.01
1772996400,3,179.26,0.0,0.43,71.1,1.24,39.07,46.47,0.0
1773000000,3,179.32,0.0,0.47,70.82,1.22,38.31,45.29,0.0
1773003600,3,179.55,0.0,0.49,70.84,1.1,37.86,44.62,0.0
1773007200,3,180.08,0.0,0.42,72.58,0.79,37.62,44.37,0.0
1773010800,3,180.2,0.0,0.39,73.01,0.68,37.44,44.22,0.0
1773014400,3,180.49,0.0,0.39,73.21,0.65,37.24,43.98,0.0
1773018000,3,181.01,0.0,0.37,73.51,0.64,37.14,43.66,0.0
1773021600,3,181.23,0.0,0.38,73.67,0.64,37.06,43.27,0.0
1773025200,3,181.98,0.01,0.39,73.99,0.64,37.05,42.96,0.0
1773028800,3,181.98,0.03,0.31,75.05,0.65,36.39,41.88,0.0
1773032400,3,181.77,0.02,0.24,76.09,0.7,35.66,40.87,0.0
1773036000,3,181.74,0.02,0.2,76.23,0.75,35.28,40.23,0.0
1773039600,3,181.25,0.02,0.18,75.57,0.69,35.25,39.99,0.0
1773043200,3,180.65,0.02,0.17,74.11,0.62,35.41,40.01,0.0
1773046800,3,179.88,0.02,0.17,72.81,0.56,35.43,39.95,0.0
1773050400,3,180.22,0.03,0.19,71.91,0.49,35.48,40.03,0.0
1773054000,3,179.91,0.03,0.23,71.18,0.46,35.27,39.93,0.0
