dt,main.aqi,components.co,components.no,components.no2,components.o3,components.so2,components.pm2_5,components.pm10,components.nh3
1765281600,5,1028.15,0.0,8.64,226.07,22.79,305.09,327.94,5.73
1765285200,5,1079.96,0.0,8.36,212.55,21.04,307.24,331.25,8.04
1765288800,5,1157.07,0.0,8.83,198.13,19.16,312.26,338.22,10.5
1765292400,5,1242.35,0.0,9.42,183.86,17.85,320.08,348.1,11.9
1765296000,5,1319.92,0.0,9.86,171.37,17.22,327.45,357.17,11.81
1765299600,5,1401.94,0.0,10.31,162.82,17.28,337.75,368.74,10.46
1765303200,5,1482.79,0.0,10.78,158.15,18.45,349.39,380.83,8.33
1765306800,5,1513.16,0.0,10.66,158.37,21.14,357.79,388.4,5.34
1765310400,5,1564.78,0.0,11.05,152.86,21.64,367.97,398.51,3.98
1765314000,5,1627.1,0.0,11.85,143.36,21.22,378.99,409.97,3.41
1765317600,5,1689.39,0.0,12.86,132.29,20.55,389.56,420.77,3.17
1765321200,5,1738.86,0.0,13.78,123.55,20.15,400.46,431.38,2.76
1765324800,5,1772.75,0.0,14.44,116.88,20.18,410.58,440.82,2.23
1765328400,5,1778.02,0.0,14.97,111.78,20.86,415.68,445.23,1.62
1765332000,5,1783.19,0.11,16.64,108.17,21.72,417.18,446.76,1.65
1765335600,5,1752.31,0.7,17.53,112.25,23.92,415.16,444.77,1.53
1765339200,5,1567.37,1.03,15.85,134.71,30.23,395.79,423.84,0.97
1765342800,5,1510.79,1.07,14.73,160.14,31.3,393.19,421.2,1.56
1765346400,5,1497.23,0.84,12.95,193.18,32.22,402.02,430.5,2.36
1765350000,5,1236.82,0.4,7.9,236.24,35.09,366.36,391.98,0.83
1765353600,5,1095.43,0.22,5.45,252.64,32.79,336.68,359.84,0.29
1765357200,5,1040.94,0.15,4.99,257.92,31.07,317.9,339.82,0.57
1765360800,5,1031.45,0.1,5.85,257.64,29.47,309.77,331.32,1.75
1765364400,5,1045.2,0.03,7.38,247.85,27.64,307.57,329.22,3.6
1765368000,5,1065.41,0.0,7.47,234.37,26.01,302.11,323.96,5.69
1765371600,5,1094.71,0.0,7.55,218.5,23.92,297.08,319.51,8.03
1765375200,5,1150.13,0.0,8.49,199.7,21.48,293.92,317.94,10.96
1765378800,5,1210.78,0.0,9.49,181.03,19.6,290.48,316.41,13.35
1765382400,5,1228.53,0.0,10.15,165.36,18.99,275.9,302.94,13.7
1765386000,5,1280.14,0.0,11.05,151.32,18.46,275.32,303.73,13.19
1765389600,5,1338.83,0.0,11.9,139.0,18.41,279.1,308.28,12.13
1765393200,5,1382.84,0.0,12.53,127.17,18.69,281.28,310.53,10.88
1765396800,5,1420.3,0.0,12.93,117.64,19.29,284.37,313.36,9.98
1765400400,5,1453.27,0.0,13.19,109.71,19.96,287.99,316.46,9.72
1765404000,5,1477.32,0.0,13.46,102.14,20.44,290.33,318.12,9.92
1765407600,5,1500.63,0.0,13.97,95.79,20.85,292.63,319.74,9.75
1765411200,5,1526.16,0.0,14.67,91.76,22.46,295.38,321.95,9.0
1765414800,5,1524.61,0.0,14.92,93.74,31.67,300.36,327.03,6.77
1765418400,5,1622.27,0.2,18.32,85.87,35.42,311.46,339.41,6.13
1765422000,5,1707.99,1.36,20.26,84.02,41.13,320.47,349.66,6.0
1765425600,5,1543.17,1.81,18.36,106.28,60.46,314.11,341.11,3.89
1765429200,5,1500.0,1.79,17.7,132.26,65.84,318.81,345.82,3.93
1765432800,5,1467.89,1.29,15.79,168.79,65.25,331.8,358.92,4.21
1765436400,5,1104.84,0.47,8.31,215.37,62.28,285.69,308.29,1.82
1765440000,5,930.38,0.24,5.11,228.87,53.88,252.4,272.37,1.78
1765443600,5,869.24,0.15,4.47,234.16,49.47,239.07,258.09,2.0
1765447200,5,863.87,0.1,5.55,232.42,45.22,237.31,256.45,3.43
1765450800,5,890.86,0.03,7.67,221.23,40.13,237.82,257.79,6.49
1765454400,5,924.34,0.0,8.6,207.36,35.92,235.99,256.99,9.39
1765458000,5,956.45,0.0,9.03,193.2,32.58,233.45,255.76,11.82
1765461600,5,1002.28,0.0,9.56,180.5,30.38,232.22,256.3,14.44
1765465200,5,1056.36,0.0,10.16,167.44,28.84,232.38,258.32,16.51
1765468800,5,1110.17,0.0,10.76,154.99,27.53,231.61,259.09,17.39
1765472400,5,1177.1,0.0,11.67,142.99,25.82,234.43,263.38,16.98
1765476000,5,1248.5,0.0,12.64,131.79,24.29,239.29,268.99,15.63
1765479600,5,1308.77,0.0,13.42,121.54,23.22,243.88,273.76,13.98
1765483200,5,1369.88,0.0,14.12,113.48,22.43,249.9,279.84,12.38
1765486800,5,1428.48,0.0,14.77,106.85,22.14,257.32,287.22,10.91
1765490400,5,1483.8,0.0,15.51,100.43,22.5,265.23,295.1,9.93
1765494000,5,1539.22,0.0,16.39,94.49,23.67,274.65,304.58,9.43
1765497600,5,1579.32,0.0,17.2,89.02,25.05,283.73,313.62,9.03
1765501200,5,1611.82,0.0,18.3,84.13,26.67,290.47,320.71,8.84
1765504800,5,1649.15,0.28,20.2,81.83,28.54,296.52,327.5,8.81
1765508400,5,1661.31,1.46,20.01,88.88,33.61,302.31,333.54,8.79
1765512000,5,1421.63,1.35,15.83,120.2,62.75,298.53,326.04,4.21
1765515600,5,1382.16,1.23,14.4,146.08,77.93,309.42,336.41,2.6
1765519200,5,1378.53,0.93,12.81,177.8,87.47,325.04,352.03,2.16
1765522800,5,1064.45,0.42,7.23,212.84,84.57,268.29,290.18,1.32
1765526400,5,889.28,0.22,4.72,223.9,69.12,234.23,252.96,1.54
1765530000,5,835.93,0.15,4.35,228.67,61.34,224.37,242.04,1.84
1765533600,5,822.89,0.09,5.29,227.59,54.02,223.61,241.1,2.78
1765537200,5,852.18,0.02,7.18,217.5,47.71,228.54,246.86,5.17
1765540800,5,896.77,0.0,8.02,205.97,43.65,234.13,253.68,7.63
1765544400,5,946.23,0.0,8.39,194.04,40.3,240.14,261.21,9.97
1765548000,5,1010.63,0.0,8.94,183.04,37.8,248.45,271.52,12.55
1765551600,5,1081.95,0.0,9.48,173.03,35.9,257.48,282.56,14.92
1765555200,5,1149.74,0.0,9.98,162.64,33.87,265.73,292.57,16.37
1765558800,5,1240.08,0.0,10.9,150.4,31.12,277.2,306.1,17.02
1765562400,5,1348.2,0.0,12.15,136.07,28.03,291.4,322.27,16.92
1765566000,5,1457.85,0.0,13.51,123.51,26.1,304.81,337.33,15.52
1765569600,5,1560.76,0.0,14.92,112.22,24.27,317.32,350.78,14.12
1765573200,5,1642.67,0.0,16.14,103.42,23.49,328.38,362.02,12.87
1765576800,5,1702.38,0.0,17.23,96.39,23.41,337.43,370.66,11.89
1765580400,5,1758.89,0.0,18.68,89.73,23.21,345.94,378.84,11.57
1765584000,5,1807.53,0.0,20.32,83.48,23.17,352.33,384.86,11.78
1765587600,5,1853.7,0.0,22.5,77.8,23.37,355.31,387.77,12.5
1765591200,5,1907.43,0.41,25.06,74.04,23.84,358.66,391.4,12.94
1765594800,5,1929.99,1.94,24.89,79.09,26.51,363.05,395.54,12.83
1765598400,5,1595.95,1.4,18.2,112.12,49.14,344.19,371.36,6.04
1765602000,5,1514.7,1.21,16.04,138.17,60.6,347.98,374.34,4.33
1765605600,5,1501.35,0.94,14.37,168.38,65.36,360.23,386.6,4.24
1765609200,5,1367.82,0.55,10.43,199.79,63.53,352.05,376.53,3.86
1765612800,5,1255.45,0.34,8.14,216.58,57.06,341.55,364.51,4.8
1765616400,5,1172.64,0.21,7.57,224.01,52.47,328.16,350.01,6.23
1765620000,5,1103.66,0.11,8.04,223.98,47.28,312.64,333.46,8.36
1765623600,5,1077.67,0.03,9.03,214.98,41.84,303.74,324.26,10.84
1765627200,5,1080.65,0.0,8.9,204.22,38.02,302.15,322.95,12.78
1765630800,5,1087.66,0.0,8.34,193.83,34.45,300.99,322.3,13.91
1765634400,5,1106.11,0.0,8.07,184.02,30.8,301.02,322.97,14.58
1765638000,5,1130.1,0.0,7.93,174.13,27.89,301.02,323.45,14.93
1765641600,5,1147.73,0.0,7.92,163.84,25.51,298.07,320.68,14.77
1765645200,5,1160.43,0.0,8.21,152.75,23.2,292.7,315.42,14.55
1765648800,5,1162.46,0.0,8.61,141.73,21.36,281.85,304.43,14.07
1765652400,5,1159.64,0.0,9.04,132.0,20.01,269.72,292.18,12.7
1765656000,5,1200.38,0.0,10.22,120.58,18.19,265.87,288.91,11.61
1765659600,5,1264.31,0.0,11.87,108.8,16.87,266.41,290.16,10.75
1765663200,5,1336.37,0.0,13.85,96.77,16.03,268.41,292.68,10.03
1765666800,5,1411.32,0.0,16.09,85.6,15.38,271.18,295.72,9.47
1765670400,5,1480.19,0.0,18.34,75.76,14.76,273.73,298.37,8.99
1765674000,5,1539.54,0.0,20.75,67.43,14.39,273.29,298.25,8.88
1765677600,5,1593.27,0.5,22.87,62.97,14.72,271.78,297.19,9.28
1765681200,5,1610.84,2.38,21.44,68.81,16.34,270.78,295.98,9.78
1765684800,5,1329.99,1.86,16.17,98.93,25.32,251.57,272.19,8.6
1765688400,5,1224.48,1.39,13.28,129.73,27.98,249.69,269.11,8.85
1765692000,5,1189.6,0.89,10.63,164.79,28.32,260.66,279.87,9.78
1765695600,5,997.59,0.49,7.08,186.67,27.34,240.05,256.3,10.08
1765699200,5,884.14,0.31,5.41,198.14,25.81,225.24,240.01,11.31
1765702800,5,803.6,0.22,5.17,203.21,24.88,209.58,223.4,12.95
1765706400,5,753.02,0.14,5.96,201.46,23.83,195.49,208.88,14.85
1765710000,5,731.67,0.04,7.28,191.0,21.94,184.26,197.72,16.5
1765713600,5,731.42,0.0,7.62,178.89,19.67,179.04,192.9,16.78
1765717200,5,735.35,0.0,7.4,168.31,17.44,175.34,189.76,15.75
1765720800,5,751.58,0.0,7.28,159.47,15.97,174.53,189.8,15.61
1765724400,5,777.05,0.0,7.2,150.91,14.76,175.81,191.9,15.66
1765728000,5,798.3,0.0,7.16,140.85,13.25,176.7,193.3,15.13
1765731600,5,837.07,0.0,7.53,130.72,11.98,180.05,197.33,14.53
1765735200,5,886.45,0.0,8.18,120.55,11.19,185.7,203.67,13.89
1765738800,5,937.29,0.0,8.96,110.46,10.63,191.33,210.02,12.9
1765742400,5,997.94,0.0,10.1,100.3,10.01,197.18,216.89,11.53
1765746000,5,1059.17,0.0,11.61,91.52,9.96,201.14,221.88,10.19
1765749600,5,1111.16,0.0,13.61,84.54,11.28,202.26,223.87,9.05
1765753200,5,1172.81,0.0,15.86,76.38,12.28,205.19,227.56,8.48
1765756800,5,1227.0,0.0,17.86,69.19,13.32,208.78,231.65,8.27
1765760400,5,1278.82,0.0,19.96,62.66,14.72,212.48,236.04,8.36
1765764000,5,1338.87,0.66,21.66,58.87,17.08,218.46,242.81,8.25
1765767600,5,1380.39,2.56,20.78,63.88,21.25,227.5,252.09,8.08
1765771200,5,1174.56,2.2,17.78,88.49,36.96,227.32,248.28,6.69
1765774800,5,1155.33,2.01,16.89,116.65,44.69,241.32,262.56,6.57
1765778400,5,1153.65,1.49,15.45,152.44,48.56,261.81,283.65,7.27
1765782000,5,1036.98,0.85,11.06,185.77,48.74,267.38,287.52,7.62
1765785600,5,956.62,0.48,8.11,206.72,46.05,267.83,287.04,8.81
1765789200,5,897.87,0.31,7.39,216.82,44.47,261.12,279.75,10.27
1765792800,5,865.61,0.18,8.25,218.05,42.61,253.67,272.15,12.22
1765796400,5,869.66,0.05,9.88,210.4,40.32,249.89,268.77,15.13
1765800000,5,891.66,0.0,9.91,200.03,38.63,249.98,269.46,17.65
1765803600,5,915.65,0.0,9.36,189.83,37.16,252.07,272.43,19.55
1765807200,5,955.84,0.0,9.47,178.2,35.41,255.21,277.07,22.1
1765810800,5,1010.14,0.0,9.99,163.77,32.87,258.41,281.98,24.26
1765814400,5,1063.97,0.0,10.67,147.47,28.23,260.29,285.4,21.49
1765818000,5,1123.88,0.0,11.64,133.04,24.08,262.67,289.11,17.53
1765821600,5,1168.13,0.0,12.54,121.61,22.07,260.81,287.8,14.14
1765825200,5,1175.26,0.0,13.04,115.17,22.39,251.08,277.75,10.93
1765828800,5,1230.65,0.0,14.09,105.75,20.75,252.18,279.45,9.46
1765832400,5,1292.78,0.0,14.95,96.61,19.84,255.91,283.71,8.65
1765836000,5,1354.79,0.0,15.76,88.84,19.75,261.61,289.73,8.12
1765839600,5,1411.03,0.0,16.43,83.28,20.26,270.06,297.84,7.27
1765843200,5,1455.88,0.0,16.77,79.98,21.77,280.81,307.66,6.16
1765846800,5,1462.84,0.0,16.38,82.29,29.83,292.59,318.41,4.12
1765850400,5,1524.74,0.22,18.22,77.49,34.84,304.77,330.81,4.05
1765854000,5,1565.66,1.37,18.73,78.38,40.6,313.64,339.99,4.31
1765857600,5,1418.7,1.67,16.73,98.46,53.9,305.26,329.79,2.86
1765861200,5,1379.42,1.65,15.83,122.53,52.73,307.08,331.84,3.41
1765864800,5,1337.29,1.25,14.18,155.02,50.6,312.71,337.67,4.1
1765868400,5,1063.37,0.58,8.69,196.22,51.11,275.99,297.49,2.25
1765872000,5,916.02,0.28,5.38,215.62,44.38,251.79,270.94,1.96
1765875600,5,872.6,0.17,4.59,223.74,40.01,243.89,262.02,2.23
1765879200,5,881.1,0.24,5.18,228.91,36.1,249.67,267.88,3.54
1765882800,5,920.84,0.11,7.19,223.41,32.22,258.02,276.98,6.37
1765886400,5,963.3,0.01,8.24,212.34,29.72,264.04,283.84,9.08
1765890000,5,1005.31,0.0,7.82,200.45,28.0,269.9,290.82,11.34
1765893600,5,1060.21,0.0,7.87,189.33,26.14,276.78,299.24,13.22
1765897200,5,1120.26,0.0,8.13,178.39,24.37,283.01,307.08,14.95
1765900800,5,1180.33,0.0,8.41,168.12,22.83,288.49,313.87,15.81
1765904400,5,1249.96,0.0,8.98,158.12,21.43,295.65,322.36,16.44
1765908000,5,1325.97,0.0,9.67,147.85,20.23,303.75,331.47,16.51
1765911600,5,1391.56,0.0,10.2,139.76,20.31,309.29,337.39,16.14
1765915200,5,1445.98,0.0,10.58,132.18,20.24,314.84,342.94,15.33
1765918800,5,1494.01,0.0,10.92,124.94,20.4,320.13,348.02,14.38
1765922400,5,1540.96,0.0,11.42,117.05,20.75,325.02,352.8,13.69
1765926000,5,1594.57,0.0,12.14,109.59,21.41,330.41,358.1,13.41
1765929600,5,1640.62,0.0,12.99,103.22,22.11,336.19,363.62,13.15
1765933200,5,1670.58,0.0,13.96,98.42,23.34,340.27,367.35,12.48
1765936800,5,1741.65,0.13,16.81,91.75,24.0,350.45,378.43,11.58
1765940400,5,1818.3,1.05,19.1,90.0,27.32,362.96,391.89,10.44
1765944000,5,1582.34,1.32,16.84,113.16,51.29,349.14,374.64,5.75
1765947600,5,1493.14,1.37,16.42,135.81,60.61,345.3,370.5,4.84
1765951200,5,1463.75,1.12,15.45,166.14,61.88,351.98,377.7,5.18
1765954800,5,1131.36,0.5,8.94,202.41,61.46,300.27,321.84,2.71
1765958400,5,942.72,0.25,5.58,214.68,54.92,263.38,282.1,2.15
1765962000,5,883.76,0.16,4.94,220.01,50.33,250.41,268.15,2.29
1765965600,5,866.71,0.09,5.49,221.34,46.81,246.22,263.69,2.85
1765969200,5,871.92,0.02,6.64,215.35,43.12,245.52,263.05,4.11
1765972800,5,885.95,0.0,6.78,207.0,39.86,246.38,264.08,5.33
1765976400,5,905.15,0.0,6.63,197.54,36.87,247.42,265.55,6.65
1765980000,5,932.42,0.0,7.12,187.0,33.91,248.86,267.92,8.29
1765983600,5,967.45,0.0,7.9,175.13,31.48,250.99,271.22,9.88
1765987200,5,990.75,0.0,8.62,164.14,30.86,249.6,270.83,10.58
1765990800,5,1034.93,0.0,9.36,154.76,30.09,254.75,277.17,10.43
1765994400,5,1087.87,0.0,10.14,145.21,30.01,262.7,286.14,9.31
1765998000,5,1138.03,0.0,10.91,135.04,29.42,268.75,292.72,7.87
1766001600,5,1191.87,0.0,11.72,124.97,27.95,275.32,299.59,6.77
1766005200,5,1242.65,0.0,12.51,115.5,26.34,281.1,305.42,5.96
1766008800,5,1290.77,0.0,13.38,106.01,24.73,286.44,310.6,5.39
1766012400,5,1341.09,0.0,14.3,97.32,23.46,292.39,316.14,5.0
1766016000,5,1386.95,0.0,15.29,88.9,22.28,298.58,321.71,4.74
1766019600,5,1440.65,0.0,16.68,80.25,22.44,304.64,327.79,4.72
1766023200,5,1506.45,0.18,19.29,73.43,25.18,314.08,338.13,5.02
1766026800,5,1521.39,1.2,20.22,76.67,30.56,320.18,344.72,5.22
1766030400,5,1360.23,1.7,18.49,99.87,42.48,310.0,333.11,4.02
1766034000,5,1294.97,1.68,17.03,127.19,43.73,309.72,332.78,4.54
1766037600,5,1273.77,1.24,14.67,162.36,41.75,319.67,343.18,5.44
1766041200,5,1118.6,0.65,9.55,191.2,34.98,301.35,322.55,6.53
1766044800,5,993.51,0.38,7.03,204.33,30.86,279.5,298.84,8.15
1766048400,5,909.1,0.26,6.63,207.93,28.86,257.71,275.83,10.2
1766052000,5,809.29,0.15,7.28,199.08,24.88,222.29,238.83,12.93
1766055600,5,775.56,0.04,8.73,185.47,22.37,202.65,218.9,15.85
1766059200,5,785.95,0.0,9.26,173.71,21.08,197.34,214.14,17.73
1766062800,5,807.49,0.0,9.18,163.73,19.46,196.13,213.76,17.85
1766066400,5,837.25,0.0,9.13,154.5,18.18,196.11,214.89,17.94
1766070000,5,868.54,0.0,9.18,144.11,17.12,195.25,214.91,18.52
1766073600,5,896.87,0.0,9.43,132.82,15.89,194.0,214.38,18.69
1766077200,5,943.91,0.0,10.25,121.5,14.67,195.42,216.88,18.14
1766080800,5,999.51,0.0,11.41,110.56,13.53,198.01,220.32,16.63
1766084400,5,1054.61,0.0,12.72,100.41,12.63,200.77,223.7,14.1
1766088000,5,1121.17,0.0,14.24,92.1,12.34,206.8,230.42,11.54
1766091600,5,1187.73,0.0,15.94,85.33,12.96,213.42,237.55,9.35
1766095200,5,1258.17,0.0,17.84,78.38,14.39,222.66,247.13,7.65
1766098800,5,1353.09,0.0,19.97,70.37,15.67,236.07,261.41,6.86
1766102400,5,1446.23,0.0,21.92,63.06,17.22,249.48,275.8,6.5
1766106000,5,1535.12,0.0,24.23,56.23,19.43,261.18,288.83,6.51
1766109600,5,1613.56,0.6,26.33,53.0,23.75,272.07,300.82,6.57
1766113200,5,1648.54,2.59,25.32,60.14,31.5,284.98,313.58,6.31
1766116800,5,1396.32,2.31,21.02,87.25,52.75,283.03,306.72,3.72
1766120400,5,1357.55,2.16,20.07,114.77,61.47,294.4,317.73,3.49
1766124000,5,1373.16,1.66,18.88,147.79,63.36,315.13,339.03,4.16
1766127600,5,1257.7,0.99,14.07,177.56,58.78,314.57,336.75,4.79
1766131200,5,1164.49,0.58,10.69,197.41,53.71,309.97,330.8,6.04
1766134800,5,1099.76,0.35,9.57,208.16,50.14,302.39,322.43,7.79
1766138400,5,996.38,0.18,9.43,202.58,42.16,274.74,293.17,9.61
1766142000,5,935.18,0.04,9.61,190.27,34.94,255.73,273.12,9.99
1766145600,5,896.2,0.0,8.15,181.14,30.12,244.84,261.46,8.91
1766149200,5,869.66,0.0,6.84,171.58,25.24,236.15,252.47,8.43
1766152800,5,875.85,0.0,6.88,160.86,20.84,231.26,248.34,9.41
1766156400,5,890.98,0.0,7.14,151.19,18.34,227.9,245.94,10.69
1766160000,5,912.57,0.0,7.5,141.34,16.73,225.61,244.55,11.84
1766163600,5,950.67,0.0,8.1,131.7,15.62,227.04,246.89,13.04
1766167200,5,1006.44,0.0,9.05,121.42,14.68,231.7,252.37,14.22
1766170800,5,1078.89,0.0,10.43,109.66,13.69,238.03,259.72,15.06
1766174400,5,1176.76,0.0,12.28,97.18,12.48,248.72,271.83,15.01
1766178000,5,1283.32,0.0,14.38,86.58,11.78,260.75,285.3,13.98
1766181600,5,1336.86,0.0,15.8,85.93,15.3,270.49,295.89,10.89
1766185200,5,1406.47,0.0,17.54,80.36,17.57,281.68,308.0,8.85
1766188800,5,1479.16,0.0,19.36,72.74,19.27,292.43,319.52,7.64
1766192400,5,1539.23,0.0,21.15,65.34,21.12,299.82,327.36,6.92
1766196000,5,1599.11,0.24,23.76,59.65,23.9,306.94,334.87,6.51
1766199600,5,1634.47,1.52,24.97,61.4,29.17,314.15,342.1,6.16
1766203200,5,1342.96,1.55,20.79,86.05,49.06,298.25,322.14,3.13
1766206800,5,1262.98,1.62,19.89,108.27,50.05,295.15,318.32,3.28
1766210400,5,1252.66,1.37,18.91,137.75,47.18,301.95,325.14,3.84
1766214000,5,1135.68,0.8,14.02,168.57,39.44,293.85,314.9,4.37
1766217600,5,1040.58,0.43,10.82,184.11,33.14,283.68,303.25,5.53
1766221200,5,954.16,0.23,9.53,187.48,29.76,266.95,285.38,6.75
1766224800,5,850.12,0.11,9.1,180.62,27.0,238.46,255.45,8.32
1766228400,5,816.52,0.03,9.69,170.57,24.51,225.92,242.59,10.06
1766232000,5,831.44,0.0,9.79,161.31,22.61,225.4,242.52,11.58
1766235600,5,859.49,0.0,9.59,151.6,21.02,228.15,246.07,12.46
1766239200,5,893.51,0.0,9.68,142.59,20.04,232.31,251.31,13.27
1766242800,5,929.43,0.0,9.94,133.8,19.49,236.72,256.63,13.95
1766246400,5,951.52,0.0,10.2,125.63,19.24,239.59,260.01,13.88
1766250000,5,987.14,0.0,10.96,117.58,18.94,244.62,265.57,13.44
1766253600,5,1022.4,0.0,11.82,109.8,18.7,249.86,270.99,12.4
1766257200,5,1051.18,0.0,12.48,102.48,18.52,254.05,275.09,10.79
1766260800,5,1086.2,0.0,13.15,95.78,18.2,258.9,280.12,9.35
1766264400,5,1125.38,0.0,13.98,89.33,17.68,263.03,284.54,8.21
1766268000,5,1166.9,0.0,14.95,82.82,16.78,266.03,287.83,7.31
1766271600,5,1212.92,0.0,15.98,77.56,15.79,269.6,291.52,6.67
1766275200,5,1254.78,0.0,16.83,73.46,14.82,273.3,295.04,6.11
1766278800,5,1288.37,0.0,17.78,70.24,14.23,275.25,296.82,5.79
1766282400,5,1323.11,0.15,19.28,69.66,14.92,279.51,301.26,5.79
1766286000,5,1326.81,0.98,19.1,76.6,17.71,285.32,306.94,5.68
1766289600,5,1201.49,1.32,16.31,99.2,25.14,284.02,304.12,4.23
1766293200,5,1154.74,1.29,14.57,124.73,28.53,292.3,312.28,3.81
1766296800,5,1150.06,0.99,12.63,155.71,29.61,308.19,328.62,3.88
1766300400,5,1062.74,0.58,8.97,183.65,26.82,304.72,323.74,4.39
1766304000,5,991.38,0.36,6.84,197.19,23.69,297.55,315.53,5.79
1766307600,5,933.63,0.25,6.24,200.47,21.76,284.66,301.78,7.53
1766311200,5,874.02,0.14,6.63,195.07,19.94,264.95,281.16,9.38
1766314800,5,844.68,0.03,7.49,185.01,18.34,251.71,267.55,10.65
1766318400,5,839.87,0.0,7.28,176.98,17.55,247.02,262.89,11.09
1766322000,5,841.58,0.0,6.64,169.82,16.98,244.62,260.78,11.37
1766325600,5,867.33,0.0,6.72,161.12,15.89,245.68,262.71,12.51
1766329200,5,907.15,0.0,7.07,151.22,14.74,248.77,266.79,13.6
1766332800,5,947.21,0.0,7.68,139.79,13.59,250.58,269.47,14.17
1766336400,5,997.72,0.0,8.86,126.98,12.74,253.46,273.41,14.17
1766340000,5,1052.3,0.0,10.53,113.11,12.5,255.72,276.68,13.1
1766343600,5,1098.43,0.0,12.26,99.61,12.92,255.32,277.01,11.02
1766347200,5,1152.92,0.0,14.02,87.36,13.05,257.96,280.44,9.52
1766350800,5,1204.73,0.0,15.65,76.89,12.94,259.03,282.13,8.46
1766354400,5,1244.45,0.0,17.2,68.33,12.83,258.51,281.87,7.74
1766358000,5,1279.19,0.0,18.47,62.61,13.02,258.74,282.02,7.04
1766361600,5,1303.0,0.0,19.31,59.44,13.29,260.44,283.33,6.36
1766365200,5,1315.46,0.0,20.04,58.32,13.57,260.23,282.78,5.95
1766368800,5,1360.74,0.44,21.83,59.0,15.06,267.97,291.0,5.82
1766372400,5,1380.16,1.76,21.58,68.08,18.68,279.61,302.86,5.54
1766376000,5,1216.15,1.77,19.46,92.78,27.95,277.14,297.88,3.64
1766379600,5,1140.58,1.8,17.44,118.32,30.94,278.36,298.39,3.35
1766383200,5,1103.27,1.4,15.19,148.86,32.04,285.46,305.49,3.41
1766386800,5,1010.22,0.78,11.51,173.39,28.27,276.59,294.99,4.33
1766390400,5,941.04,0.48,9.02,184.46,24.45,266.66,284.0,6.03
1766394000,5,881.78,0.31,8.13,187.37,22.55,251.17,267.75,8.1
1766397600,5,852.37,0.21,8.73,185.02,21.49,238.44,254.8,10.61
1766401200,5,858.2,0.07,10.39,175.87,20.6,232.94,249.81,13.6
1766404800,5,894.07,0.0,11.12,165.78,19.73,234.83,252.75,15.98
1766408400,5,938.7,0.0,10.92,156.05,18.45,240.54,259.72,16.61
1766412000,5,998.02,0.0,10.92,146.89,17.37,250.12,270.87,16.78
1766415600,5,1068.12,0.0,11.11,138.21,16.28,261.95,284.18,16.58
1766419200,5,1126.28,0.0,11.39,129.82,15.38,271.66,294.86,15.45
1766422800,5,1203.73,0.0,12.64,118.68,14.14,280.93,305.71,14.57
1766426400,5,1285.8,0.0,14.61,104.73,13.04,287.17,313.41,13.41
1766430000,5,1321.96,0.0,16.65,91.0,12.96,278.72,305.28,11.16
1766433600,5,1367.59,0.0,18.41,81.13,13.02,279.22,305.73,9.36
1766437200,5,1399.11,0.0,19.36,76.45,13.71,284.43,310.28,7.76
1766440800,5,1406.58,0.0,19.54,75.16,14.64,288.85,313.62,6.33
1766444400,5,1423.46,0.0,19.88,74.77,15.28,294.92,318.91,5.28
1766448000,5,1443.99,0.0,20.06,74.74,16.23,301.63,324.98,4.54
1766451600,5,1462.66,0.0,20.49,74.51,18.47,308.2,331.52,4.0
1766455200,5,1486.0,0.35,21.45,74.87,22.57,317.58,341.46,3.52
1766458800,5,1489.78,1.41,21.24,80.2,30.14,328.89,353.27,2.48
1766462400,5,1295.31,1.68,18.81,101.55,51.55,314.9,337.5,0.71
1766466000,5,1244.67,1.73,17.67,124.5,55.3,314.73,337.4,0.9
1766469600,5,1213.05,1.34,15.92,154.14,53.94,322.76,345.69,1.25
1766473200,5,1067.73,0.72,10.66,185.35,48.01,311.24,331.92,1.38
1766476800,5,996.29,0.45,7.88,204.29,43.36,312.0,331.68,1.94
1766480400,5,962.9,0.32,7.09,217.2,41.41,313.57,332.92,3.16
1766484000,5,949.46,0.23,7.65,222.58,39.6,313.55,332.92,5.1
1766487600,5,953.52,0.1,8.93,217.7,37.2,312.37,331.95,7.03
1766491200,5,956.87,0.01,9.01,208.41,34.85,312.35,332.12,7.55
1766494800,5,955.77,0.0,7.47,198.93,31.49,312.05,332.03,6.9
1766498400,5,960.46,0.0,6.39,192.3,28.73,313.36,333.62,6.32
1766502000,5,955.35,0.0,5.37,187.31,26.65,312.19,332.28,5.57
1766505600,5,949.8,0.0,4.99,180.46,23.89,308.71,328.74,5.6
1766509200,5,972.76,0.0,5.31,172.12,20.82,311.07,331.71,6.9
1766512800,5,1009.68,0.0,5.6,163.3,18.59,316.54,337.67,8.09
1766516400,5,1059.08,0.0,5.89,154.4,17.49,324.82,346.65,9.45
1766520000,5,1121.23,0.0,6.3,145.99,17.01,334.95,357.69,10.87
1766523600,5,1196.23,0.0,7.01,137.57,17.08,347.41,369.35,12.68
1766527200,5,1294.47,0.0,8.26,128.02,17.66,361.31,381.9,15.7
1766530800,5,1415.11,0.0,9.95,117.86,18.5,377.83,398.8,18.93
1766534400,5,1543.53,0.0,12.05,108.13,19.15,395.32,417.36,20.74
1766538000,5,1679.99,0.01,14.85,99.34,19.69,413.4,438.39,19.93
1766541600,5,1827.4,0.4,18.39,94.43,19.95,435.75,466.12,17.19
1766545200,5,1960.83,1.0,21.18,96.38,21.24,461.45,496.03,14.39
1766548800,5,1720.72,0.75,17.38,129.79,40.27,459.51,491.84,5.91
1766552400,5,1654.64,0.82,16.44,154.89,48.94,462.56,495.12,3.22
1766556000,5,1651.46,0.74,15.68,182.79,53.18,470.95,504.05,2.98
1766559600,5,1477.73,0.44,10.91,214.44,56.2,446.74,476.78,1.39
1766563200,5,1366.94,0.28,8.3,228.46,52.25,428.87,456.69,1.19
1766566800,5,1311.72,0.19,7.69,233.76,49.39,420.77,447.48,1.69
1766570400,5,1286.34,0.11,8.22,232.78,46.81,416.27,442.38,2.42
1766574000,5,1285.0,0.03,9.22,224.08,43.24,412.73,438.69,3.73
1766577600,5,1292.24,0.0,8.96,213.43,40.1,411.78,437.87,5.31
1766581200,5,1310.45,0.0,8.47,202.32,37.2,413.15,439.83,6.82
1766584800,5,1344.94,0.0,8.63,190.32,33.41,413.62,441.48,8.5
1766588400,5,1390.56,0.0,9.09,177.63,29.42,411.89,441.02,9.61
1766592000,5,1418.48,0.0,9.66,164.37,26.43,402.04,431.74,9.61
1766595600,5,1450.73,0.0,10.6,151.21,23.93,390.74,420.53,8.87
1766599200,5,1461.17,0.0,11.38,139.83,23.24,374.76,403.57,7.35
1766602800,5,1339.67,0.0,10.23,141.73,28.88,336.3,361.71,4.1
1766606400,5,1272.94,0.0,10.05,138.12,32.29,311.89,335.42,2.46
1766610000,5,1251.92,0.0,10.38,131.04,35.26,299.71,322.31,1.51
1766613600,5,1260.51,0.0,11.26,121.01,36.68,295.67,317.81,1.0
1766617200,5,1297.13,0.0,12.7,109.36,35.49,299.65,321.83,0.87
1766620800,5,1342.61,0.0,14.33,98.55,32.88,304.94,327.26,0.86
1766624400,5,1368.44,0.01,16.21,89.18,30.29,303.92,326.6,1.03
1766628000,5,1375.72,0.33,19.54,86.22,29.91,298.99,322.05,1.29
1766631600,5,1318.55,1.13,20.79,91.7,32.1,286.96,309.67,1.31
1766635200,5,1054.09,1.41,16.7,112.39,34.85,236.68,255.82,0.6
1766638800,5,961.85,1.38,13.93,132.39,32.55,216.42,234.53,0.71
1766642400,5,936.82,1.03,11.23,156.6,30.2,216.42,234.57,0.9
1766646000,5,820.97,0.51,6.69,179.74,25.72,195.8,213.22,0.65
1766649600,5,739.64,0.26,4.17,189.89,21.96,183.16,200.35,0.41
1766653200,5,710.22,0.16,3.51,194.09,20.1,180.98,198.49,0.3
1766656800,5,702.76,0.1,3.85,195.01,19.06,181.35,199.25,0.5
1766660400,5,704.24,0.03,4.66,190.47,18.64,181.46,199.64,1.02
1766664000,5,710.75,0.0,4.88,184.9,19.09,181.68,200.13,1.43
1766667600,5,742.28,0.0,5.37,176.58,19.16,187.69,206.91,2.72
1766671200,5,801.88,0.0,6.61,165.91,18.77,199.02,219.67,4.97
1766674800,5,874.46,0.0,7.93,154.88,18.86,209.79,232.13,7.07
1766678400,5,941.46,0.0,9.18,144.12,19.73,218.56,242.49,7.96
1766682000,5,1023.3,0.0,10.7,132.51,20.71,229.11,254.55,8.37
1766685600,5,1101.24,0.0,12.17,121.54,22.07,239.49,265.88,8.16
1766689200,5,1157.09,0.0,13.28,111.99,23.83,246.51,273.14,7.42
1766692800,5,1207.24,0.0,14.31,103.98,25.72,251.95,278.51,6.59
1766696400,5,1253.63,0.0,15.48,96.62,27.02,256.05,282.27,5.86
1766700000,5,1298.62,0.0,16.87,89.18,27.67,259.49,285.16,5.2
1766703600,5,1346.62,0.0,18.34,82.32,28.23,264.78,289.86,4.63
1766707200,5,1374.52,0.0,19.31,76.73,28.44,267.95,292.29,3.97
1766710800,5,1358.42,0.0,19.58,74.16,28.97,263.3,286.91,3.19
1766714400,5,1334.36,0.16,20.74,74.41,29.04,256.42,279.58,2.92
1766718000,5,1256.84,1.14,20.19,82.59,30.86,244.21,266.54,2.68
1766721600,5,1059.4,1.63,16.63,103.48,36.03,217.53,237.31,1.77
1766725200,5,982.47,1.57,14.08,126.22,35.24,208.27,227.14,1.87
1766728800,5,946.0,1.17,11.57,152.83,34.05,209.08,227.4,2.25
1766732400,5,776.36,0.56,6.59,175.6,28.68,178.87,193.9,1.74
1766736000,5,662.74,0.29,4.06,184.49,24.2,155.36,168.38,1.5
1766739600,5,628.09,0.19,3.58,189.53,22.89,147.81,160.27,1.61
1766743200,5,632.86,0.14,4.42,191.16,22.2,148.54,161.16,2.51
1766746800,5,661.64,0.05,6.33,185.14,21.24,150.62,163.92,4.75
1766750400,5,703.61,0.0,7.66,175.82,20.71,152.9,167.18,7.19
1766754000,5,757.47,0.0,8.35,166.91,20.95,158.28,173.86,8.98
1766757600,5,817.76,0.0,8.78,160.29,22.24,166.72,183.58,9.88
1766761200,5,873.62,0.0,8.9,154.46,24.41,176.58,194.32,9.76
1766764800,5,914.88,0.0,8.84,148.25,26.62,185.14,203.34,8.6
1766768400,5,963.64,0.0,9.19,142.13,28.52,194.13,212.9,7.51
1766772000,5,1000.39,0.0,9.47,136.68,30.94,202.11,221.04,6.01
1766775600,5,1026.2,0.0,9.67,131.3,32.59,207.95,226.75,4.75
1766779200,5,1061.62,0.0,10.09,125.32,32.69,214.68,233.49,4.16
1766782800,5,1092.24,0.0,10.51,119.91,32.32,221.45,240.2,3.75
1766786400,5,1127.0,0.0,11.11,113.7,31.16,228.13,246.85,3.61
1766790000,5,1163.27,0.0,11.75,107.42,29.49,235.2,253.82,3.4
1766793600,5,1197.95,0.0,12.41,100.86,28.21,242.05,260.46,3.14
1766797200,5,1229.27,0.0,13.49,93.36,27.91,246.34,264.86,2.99
1766800800,5,1259.59,0.11,15.71,87.34,29.16,248.49,267.45,3.07
1766804400,5,1261.4,0.98,16.63,87.8,32.13,245.78,265.12,3.04
1766808000,5,1091.93,1.45,14.09,106.49,43.46,224.06,242.26,1.1
1766811600,5,1033.79,1.45,12.34,124.72,43.07,217.62,235.76,1.2
1766815200,5,995.61,1.06,10.29,149.12,41.32,219.83,237.9,1.46
1766818800,5,817.71,0.45,5.67,178.52,35.76,196.51,211.75,1.16
1766822400,5,707.48,0.22,3.42,189.22,29.46,175.82,188.98,1.34
1766826000,5,665.78,0.15,3.03,193.96,26.24,165.46,177.77,1.73
1766829600,5,666.21,0.11,3.85,194.66,23.74,164.97,177.27,2.97
1766833200,5,688.8,0.04,5.53,188.06,21.29,166.81,179.59,5.48
1766836800,5,719.54,0.0,6.63,178.78,19.49,167.98,181.45,8.04
1766840400,5,759.58,0.0,7.11,169.23,18.08,171.61,186.09,10.14
1766844000,5,807.86,0.0,7.52,160.62,17.08,178.64,194.37,11.52
1766847600,5,857.31,0.0,7.82,152.89,16.62,187.05,203.94,11.97
1766851200,5,910.23,0.0,8.31,143.32,15.73,195.1,213.22,11.8
1766854800,5,986.57,0.0,9.31,131.36,13.97,205.09,224.94,11.59
1766858400,5,1054.36,0.0,10.11,121.71,13.33,214.63,235.66,10.41
1766862000,5,1070.7,0.0,10.37,119.95,15.7,215.0,235.9,8.34
1766865600,5,1109.93,0.0,10.78,113.41,16.12,220.03,240.97,7.61
1766869200,5,1147.04,0.0,11.14,106.62,16.22,225.96,246.84,7.33
1766872800,5,1180.67,0.0,11.57,99.67,16.16,230.79,251.36,7.2
1766876400,5,1202.1,0.0,12.02,94.63,16.21,234.04,253.94,6.8
1766880000,5,1210.72,0.0,12.33,92.44,17.17,235.77,254.72,5.95
1766883600,5,1182.71,0.0,12.06,94.15,20.79,236.69,254.89,4.56
1766887200,5,1200.73,0.09,13.43,91.0,22.92,243.19,261.81,3.94
1766890800,5,1233.42,0.85,14.59,91.03,25.74,249.32,268.88,3.76
1766894400,5,1061.04,1.11,12.24,114.7,37.61,230.5,249.18,1.53
1766898000,5,1008.14,1.14,11.0,133.4,37.49,227.72,246.51,1.66
1766901600,5,988.96,0.89,9.55,157.22,36.49,234.51,253.54,2.02
1766905200,5,846.48,0.44,5.75,184.07,35.19,215.83,232.38,1.33
1766908800,5,763.11,0.23,3.8,197.52,32.29,201.58,216.52,1.26
1766912400,5,741.22,0.15,3.41,204.95,30.46,197.34,211.71,1.45
1766916000,5,741.76,0.1,3.77,208.51,28.82,197.6,211.81,1.85
1766919600,5,749.61,0.03,4.51,205.62,26.99,199.47,213.74,2.41
1766923200,5,759.86,0.0,4.56,201.13,25.87,201.78,216.26,2.83
1766926800,5,783.87,0.0,4.55,194.65,24.75,207.33,222.53,3.88
1766930400,5,826.73,0.0,5.03,186.37,23.21,214.6,231.07,5.83
1766934000,5,873.53,0.0,5.51,178.07,21.7,220.46,238.19,7.58
1766937600,5,918.57,0.0,6.2,169.2,20.3,222.52,241.44,8.97
1766941200,5,978.99,0.0,7.2,158.41,18.78,228.03,248.2,9.87
1766944800,5,1041.73,0.0,8.12,147.54,17.91,235.39,256.41,9.62
1766948400,5,1099.34,0.0,8.91,137.17,17.78,241.68,263.2,8.65
1766952000,5,1159.31,0.0,9.83,128.44,18.36,248.3,270.26,7.66
1766955600,5,1222.09,0.0,10.88,120.56,19.53,255.13,277.54,6.85
1766959200,5,1288.29,0.0,12.25,112.1,20.99,262.29,285.11,6.03
1766962800,5,1356.46,0.0,13.85,104.19,22.68,270.61,293.6,5.3
1766966400,5,1400.75,0.0,14.97,98.61,25.19,276.9,299.56,4.64
1766970000,5,1375.14,0.0,14.9,98.85,29.63,278.33,300.46,3.94
1766973600,5,1392.76,0.1,16.96,95.43,30.5,282.4,305.27,4.06
1766977200,5,1381.36,0.85,18.32,98.16,32.06,281.51,305.03,4.25
1766980800,5,1188.98,1.36,16.51,118.74,40.54,259.5,281.44,2.92
1766984400,5,1098.79,1.43,14.92,140.74,42.17,253.15,274.81,2.49
1766988000,5,1047.49,1.15,12.89,168.13,42.69,257.58,279.24,2.23
1766991600,5,863.46,0.56,7.67,199.04,40.78,229.72,248.64,1.05
1766995200,5,752.69,0.29,4.82,212.15,36.71,206.5,223.57,0.87
1766998800,5,711.63,0.19,4.07,217.32,34.02,197.85,214.17,0.86
1767002400,5,699.08,0.12,4.29,218.72,31.68,194.84,210.9,1.14
1767006000,5,698.59,0.04,4.99,213.75,29.28,194.0,210.09,1.63
1767009600,5,705.29,0.0,4.96,206.72,27.58,192.92,209.21,2.24
1767013200,5,746.91,0.0,5.64,195.87,25.19,200.87,218.48,4.03
1767016800,5,816.59,0.0,7.04,182.77,22.68,208.99,228.82,7.45
1767020400,5,888.85,0.0,8.16,170.09,20.84,216.23,238.1,9.57
1767024000,5,952.6,0.0,9.07,157.33,19.27,221.83,245.41,10.44
1767027600,5,1034.1,0.0,10.19,145.27,18.09,230.28,255.72,11.31
1767031200,5,1126.19,0.0,11.49,133.43,17.42,241.24,268.28,12.14
1767034800,5,1216.25,0.0,12.8,122.02,17.02,252.06,280.38,12.88
1767038400,5,1317.58,0.0,14.54,111.57,16.61,264.7,294.25,12.72
1767042000,5,1431.98,0.0,16.81,101.3,16.33,278.66,309.0,11.56
1767045600,5,1537.69,0.0,19.17,91.87,16.77,291.8,322.29,9.59
1767049200,5,1632.33,0.0,21.1,85.39,18.51,304.5,334.7,7.35
1767052800,5,1691.49,0.0,22.2,81.91,21.86,313.56,342.99,5.55
1767056400,5,1614.7,0.0,20.57,85.26,29.47,305.86,333.57,3.19
1767060000,5,1579.76,0.17,21.71,82.21,32.61,299.11,326.39,2.68
1767063600,5,1520.28,1.34,22.14,85.25,36.3,288.37,315.27,2.46
1767067200,5,1195.97,1.8,18.11,104.27,45.73,239.45,262.48,0.94
1767070800,5,1077.67,1.8,15.65,126.05,45.02,223.06,244.91,0.72
1767074400,5,1049.19,1.41,13.38,152.81,42.64,227.3,249.03,0.94
1767078000,5,943.2,0.74,8.67,182.84,40.78,218.19,238.26,0.67
1767081600,5,864.63,0.38,5.62,201.45,38.68,210.83,229.49,0.37
1767085200,5,835.02,0.23,4.6,211.81,36.89,210.69,228.74,0.4
1767088800,5,847.86,0.16,5.43,213.45,33.52,219.89,238.25,1.3
1767092400,5,886.26,0.06,7.42,205.16,29.21,229.26,248.55,3.96
1767096000,5,924.69,0.0,8.23,194.08,26.5,234.41,254.72,6.3
1767099600,5,959.84,0.0,8.03,184.59,25.05,239.81,261.24,7.61
1767103200,5,984.0,0.0,7.51,177.12,23.89,244.34,266.6,8.02
1767106800,5,992.29,0.0,6.67,171.18,23.22,246.39,268.81,7.86
1767110400,5,983.55,0.0,5.86,167.78,23.05,246.32,268.43,7.09
1767114000,5,1015.66,0.0,6.13,160.57,21.22,251.2,273.99,7.89
1767117600,5,1065.92,0.0,6.72,151.85,19.49,258.8,282.39,9.12
1767121200,5,1134.97,0.0,7.58,141.86,18.04,268.26,293.02,10.67
1767124800,5,1232.88,0.0,8.89,131.63,16.85,282.04,308.21,11.54
1767128400,5,1371.04,0.0,11.01,120.33,16.11,300.67,326.66,11.67
1767132000,5,1548.48,0.0,14.31,108.09,16.26,322.78,349.7,10.55
1767135600,5,1735.89,0.0,18.18,97.41,17.27,345.81,375.98,8.47
1767139200,5,1878.5,0.0,21.31,90.56,20.01,362.95,394.88,6.44
1767142800,5,1819.65,0.0,20.16,95.89,29.7,359.47,390.0,4.19
1767146400,5,1810.26,0.16,22.37,96.17,33.8,354.71,385.19,3.66
1767150000,5,1747.21,0.93,23.6,101.36,38.19,341.07,370.87,3.45
1767153600,5,1427.42,1.49,20.39,120.86,50.87,292.28,317.48,1.4
1767157200,5,1279.39,1.67,18.24,139.23,52.51,266.3,289.48,1.41
1767160800,5,1170.9,1.42,16.16,162.47,52.72,255.83,277.8,1.56
1767164400,5,1106.94,0.99,13.56,190.82,53.43,258.93,280.41,1.79
1767168000,5,1092.94,0.64,11.33,212.68,52.36,270.58,292.26,3.18
1767171600,5,1083.31,0.4,10.39,226.84,51.88,277.53,299.38,4.93
1767175200,5,1090.62,0.22,10.93,231.85,51.07,283.32,305.55,6.94
1767178800,5,1108.88,0.06,11.72,226.88,48.65,288.26,310.84,8.32
1767182400,5,1128.11,0.0,10.4,218.05,45.63,293.37,316.19,8.19
1767186000,5,1145.92,0.0,8.36,210.07,41.35,299.06,322.26,7.04
1767189600,5,1175.76,0.0,7.36,202.74,37.81,306.14,330.17,6.91
1767193200,5,1198.92,0.0,6.64,195.56,34.79,311.74,336.35,6.76
1767196800,5,1212.69,0.0,6.25,187.01,31.43,314.76,339.69,6.76
1767200400,5,1243.99,0.0,6.39,178.39,28.4,319.96,345.48,7.65
1767204000,5,1284.5,0.0,6.8,168.97,26.42,326.1,352.11,9.57
1767207600,5,1334.28,0.0,7.37,158.96,25.26,332.4,358.76,12.13
1767211200,5,1399.42,0.0,8.03,148.75,24.2,341.44,365.94,14.11
1767214800,5,1475.6,0.0,8.92,138.88,23.38,351.42,372.98,15.62
1767218400,5,1568.13,0.0,10.37,127.72,23.21,359.95,380.05,17.7
1767222000,5,1682.02,0.0,12.6,116.92,23.39,374.44,395.5,20.02
1767225600,5,1805.04,0.0,15.45,106.61,23.72,389.57,412.42,21.67
1767315600,5,1926.11,0.0,19.26,93.95,22.8,370.1,392.08,0.96
1767319200,5,1959.6,0.15,23.51,88.47,24.02,361.72,388.31,1.31
1767322800,5,1990.4,1.32,25.82,90.06,26.43,356.22,386.18,1.59
1767326400,5,1837.3,1.9,23.75,109.2,35.88,335.81,365.44,0.96
1767330000,5,1702.93,1.79,21.87,134.8,42.4,321.45,350.4,0.88
1767333600,5,1618.95,1.39,20.07,167.3,46.74,320.49,349.12,1.01
1767337200,5,1500.6,0.9,17.03,203.0,54.46,320.6,347.79,0.75
1767340800,5,1447.85,0.54,14.27,227.57,56.83,330.73,357.14,0.57
1767344400,5,1396.78,0.31,12.93,239.87,57.86,332.1,357.66,0.51
1767348000,5,1356.23,0.15,12.76,240.63,56.27,328.57,353.41,0.46
1767351600,5,1321.48,0.04,12.3,234.02,51.02,322.1,346.06,0.39
1767355200,5,1277.92,0.0,9.6,227.8,45.93,311.96,334.62,0.28
1767358800,5,1213.0,0.0,6.79,222.18,41.52,296.56,317.77,0.26
1767362400,5,1172.02,0.0,5.72,214.68,36.9,285.86,306.45,0.39
1767366000,5,1134.23,0.0,5.12,206.86,33.41,276.16,296.2,0.56
1767369600,5,1086.26,0.0,4.71,197.85,29.87,264.83,284.08,0.59
1767373200,5,1041.85,0.0,4.43,189.77,26.88,255.65,273.95,0.53
1767376800,5,1008.95,0.0,4.15,181.99,24.29,249.25,266.42,0.45
1767380400,5,989.18,0.0,4.0,173.51,21.64,245.98,262.19,0.42
1767384000,5,1008.29,0.0,4.26,163.45,19.02,250.82,266.75,0.41
1767387600,5,1067.89,0.0,4.92,152.09,17.09,263.5,279.66,0.42
1767391200,5,1176.28,0.0,5.98,139.27,15.32,284.56,300.09,0.5
1767394800,5,1318.09,0.0,7.21,126.15,13.53,311.54,327.08,0.55
1767398400,5,1482.16,0.0,8.76,113.39,12.19,340.9,357.13,0.49
1767402000,5,1615.27,0.0,10.53,104.65,13.17,360.0,378.62,0.45
1767405600,5,1724.26,0.05,13.64,96.7,15.55,368.66,390.01,0.57
1767409200,5,1766.6,0.58,16.58,93.1,20.48,364.42,387.69,0.71
1767412800,5,1696.41,1.37,17.46,99.71,29.32,343.72,367.8,0.73
1767416400,5,1634.14,1.66,17.34,115.33,34.41,327.54,352.19,0.93
1767420000,5,1576.14,1.37,16.15,142.84,37.46,319.61,344.62,1.3
1767423600,5,1506.9,0.92,13.63,176.98,38.34,319.0,343.83,1.54
1767427200,5,1411.45,0.56,10.83,201.29,36.34,316.41,340.4,1.66
1767430800,5,1333.96,0.34,9.5,214.15,34.94,310.3,333.49,1.8
1767434400,5,1277.92,0.18,9.61,217.24,34.52,304.14,326.92,1.7
1767438000,5,1235.0,0.05,10.31,211.12,34.5,295.14,317.48,1.77
1767441600,5,1205.67,0.0,9.85,201.8,34.53,288.68,310.66,1.63
1767445200,5,1182.71,0.0,8.78,191.28,33.45,283.85,305.76,1.27
1767448800,5,1173.82,0.0,8.32,181.87,32.42,280.99,303.27,1.14
1767452400,5,1172.61,0.0,8.06,173.32,31.23,280.4,303.11,0.98
1767456000,5,1166.77,0.0,7.71,165.77,29.11,279.81,302.71,0.84
1767459600,5,1167.11,0.0,7.35,158.93,26.07,279.36,302.24,0.76
1767463200,5,1159.74,0.0,6.91,152.23,22.56,276.69,299.04,0.71
1767466800,5,1152.78,0.0,6.42,145.17,19.31,271.52,293.17,0.81
1767470400,5,1153.95,0.0,6.31,137.09,16.59,265.4,286.64,0.99
1767474000,5,1168.13,0.0,6.79,127.35,14.41,256.95,278.07,1.18
1767477600,5,1200.9,0.0,8.18,115.97,12.86,248.21,269.66,1.26
1767481200,5,1254.12,0.0,10.28,104.68,11.86,241.65,263.78,1.26
1767484800,5,1322.1,0.0,12.89,94.47,11.29,238.91,261.94,1.21
1767488400,5,1387.28,0.0,15.96,85.85,11.39,234.26,258.22,1.28
1767492000,5,1485.01,0.31,19.91,78.61,11.57,235.33,260.6,1.48
1767495600,5,1608.99,1.81,22.23,77.9,12.94,245.2,271.86,1.59
1767499200,5,1385.84,1.47,18.65,108.83,27.56,236.38,258.53,0.48
1767502800,5,1285.96,1.46,17.3,131.25,33.74,232.66,253.55,0.58
1767506400,5,1243.88,1.25,15.86,156.59,35.51,237.05,257.91,0.84
1767510000,5,1128.73,0.78,12.63,180.38,34.84,231.33,250.88,0.68
1767513600,5,1020.53,0.42,10.16,192.25,32.81,222.98,241.29,0.64
1767517200,5,933.6,0.22,9.15,195.04,31.46,211.9,229.27,0.64
1767520800,5,878.19,0.1,9.24,193.01,30.03,202.2,218.92,0.66
1767524400,5,857.13,0.02,9.86,186.57,28.39,197.3,213.84,0.76
1767528000,5,854.54,0.0,9.75,179.1,27.1,195.83,212.42,0.76
1767531600,5,851.95,0.0,9.2,170.9,25.7,193.58,210.33,0.84
1767535200,5,854.64,0.0,8.96,160.65,23.81,190.53,207.64,1.1
1767538800,5,861.08,0.0,8.78,150.73,21.6,187.12,204.55,1.3
1767542400,5,855.75,0.0,8.65,140.11,18.6,179.95,197.37,1.48
1767546000,5,883.93,0.0,9.66,127.86,15.83,175.97,194.15,1.72
1767549600,5,915.9,0.0,10.9,115.28,14.04,171.13,189.97,1.7
1767553200,5,946.9,0.0,12.19,104.56,13.54,165.73,185.17,1.54
1767556800,5,984.33,0.0,13.66,95.4,13.16,162.16,182.11,1.35
1767560400,5,1031.19,0.0,15.6,87.15,13.29,160.15,180.49,1.05
1767564000,5,1069.65,0.0,17.56,79.67,14.82,158.11,178.25,0.72
1767567600,5,1148.25,0.0,20.9,71.12,15.77,160.03,180.51,0.56
1767571200,5,1213.95,0.0,23.93,63.27,16.99,160.91,181.32,0.51
1767574800,5,1201.46,0.0,25.25,58.33,20.28,155.26,175.01,0.42
1767578400,5,1178.65,0.29,27.07,55.41,24.42,149.07,168.71,0.51
1767582000,5,1147.92,2.13,27.07,58.58,29.35,144.08,163.8,0.58
1767585600,5,937.22,2.91,23.12,75.8,37.68,123.32,140.61,0.38
1767589200,5,870.7,3.2,20.8,92.67,38.35,119.49,136.42,0.51
1767592800,5,855.44,2.79,18.87,112.23,37.05,124.59,141.72,0.73
1767596400,5,707.19,1.34,11.11,136.98,30.81,114.32,128.15,0.2
1767600000,5,635.24,0.6,6.48,152.41,26.34,114.2,126.3,0.0
1767603600,5,615.55,0.34,5.01,160.36,24.32,116.7,128.25,0.0
1767607200,5,616.44,0.21,5.19,163.26,22.95,118.32,129.76,0.0
1767610800,5,631.1,0.08,6.65,159.52,21.77,118.31,129.99,0.06
1767614400,5,655.17,0.0,7.83,153.46,21.31,118.17,130.32,0.27
1767618000,5,692.7,0.0,8.4,146.83,21.3,119.69,132.77,0.86
1767621600,5,747.71,0.0,9.24,140.32,21.61,124.19,138.74,1.49
1767625200,5,809.11,0.0,10.03,134.26,22.54,131.87,147.93,1.53
1767628800,5,859.96,0.0,10.55,128.48,23.86,138.69,156.01,1.35
1767632400,5,918.49,0.0,11.4,123.21,25.29,146.17,164.75,1.15
1767636000,5,981.89,0.0,12.63,117.05,26.57,153.78,173.32,0.85
1767639600,5,1038.06,0.0,14.01,110.15,27.7,160.14,180.22,0.59
1767643200,5,1094.7,0.0,15.67,103.57,29.15,166.28,186.7,0.42
1767646800,5,1156.62,0.0,17.73,96.45,30.38,172.3,193.05,0.33
1767650400,5,1216.56,0.0,20.17,88.74,31.1,177.0,197.85,0.3
1767654000,5,1264.23,0.0,22.06,83.17,31.97,180.08,200.73,0.3
1767657600,5,1276.34,0.0,22.79,79.89,33.38,179.42,199.5,0.29
1767661200,5,1221.07,0.0,21.97,79.77,36.04,172.31,191.67,0.25
1767664800,5,1195.48,0.17,23.33,80.24,36.7,170.05,189.56,0.23
1767668400,5,1138.94,1.43,22.78,88.32,37.88,165.85,185.3,0.26
1767672000,5,1005.02,2.18,18.7,105.7,39.46,155.38,173.61,0.23
1767675600,5,977.55,2.22,16.41,124.62,37.37,158.43,176.61,0.36
1767679200,5,959.57,1.7,13.71,149.31,35.16,166.57,184.6,0.54
1767682800,5,809.69,0.85,8.48,177.42,30.69,153.29,168.2,0.57
1767686400,5,692.64,0.44,5.35,190.48,25.85,138.55,150.99,0.37
1767690000,5,653.56,0.29,4.51,197.28,23.78,133.07,144.65,0.36
1767693600,5,653.61,0.21,5.01,201.74,23.12,132.07,143.61,0.57
1767697200,5,672.58,0.1,6.69,198.89,22.89,132.11,144.07,1.03
1767700800,5,703.86,0.0,7.88,191.12,23.23,132.77,145.35,1.5
1767704400,5,740.89,0.0,8.07,181.45,23.78,135.42,148.94,1.92
1767708000,5,790.59,0.0,8.72,171.91,24.56,142.92,157.87,1.99
1767711600,5,842.49,0.0,9.43,163.04,25.72,151.99,168.34,1.79
1767715200,5,890.67,0.0,10.21,152.41,25.85,158.56,176.23,1.58
1767718800,5,962.1,0.0,11.59,141.28,25.26,167.08,186.48,1.35
1767722400,5,1034.44,0.0,13.02,130.53,24.9,174.09,194.67,1.05
1767726000,5,1093.37,0.0,14.24,120.29,24.79,178.16,199.24,0.76
1767729600,5,1152.7,0.0,15.45,111.82,25.1,182.2,203.5,0.57
1767733200,5,1217.74,0.0,16.89,103.6,25.46,186.82,208.21,0.46
1767736800,5,1297.1,0.0,18.83,94.66,26.28,192.69,214.07,0.36
1767740400,5,1378.68,0.0,20.9,86.88,28.03,198.71,219.82,0.33
1767744000,5,1425.85,0.0,22.37,81.16,30.74,201.61,222.05,0.3
1767747600,5,1392.83,0.0,22.4,80.0,35.16,197.0,216.83,0.27
1767751200,5,1379.05,0.26,24.79,80.28,37.58,196.45,216.98,0.31
1767754800,5,1338.44,1.85,24.64,89.71,41.09,197.08,218.34,0.34
1767758400,5,1181.27,2.51,21.13,112.51,47.14,190.13,210.71,0.29
1767762000,5,1125.53,2.34,18.95,137.27,47.24,194.6,215.14,0.36
1767765600,5,1120.66,1.81,16.69,166.57,45.41,208.1,228.88,0.53
1767769200,5,957.87,0.97,10.83,196.88,40.87,193.49,211.24,0.59
1767772800,5,820.0,0.49,6.81,213.34,35.97,177.6,192.84,0.56
1767776400,5,769.62,0.31,5.58,222.04,33.54,172.8,187.21,0.53
1767780000,5,762.95,0.21,6.07,225.74,31.74,173.05,187.6,0.85
1767783600,5,784.14,0.1,7.88,220.36,29.4,175.45,190.72,1.46
1767787200,5,818.36,0.0,8.89,210.06,27.51,177.13,193.33,2.07
1767790800,5,864.94,0.0,9.02,197.5,25.89,180.74,198.21,2.55
1767794400,5,932.72,0.0,9.96,183.19,24.4,186.96,206.28,3.07
1767798000,5,1006.54,0.0,10.98,169.1,23.61,193.9,214.93,3.32
1767801600,5,1059.83,0.0,11.8,156.53,23.42,198.18,220.2,3.08
1767805200,5,1125.27,0.0,12.87,144.9,22.73,204.19,227.02,2.61
1767808800,5,1178.25,0.0,13.79,134.01,21.91,208.13,230.98,1.94
1767812400,5,1211.21,0.0,14.31,124.22,21.31,208.25,230.45,1.4
1767816000,5,1238.18,0.0,14.87,117.41,21.81,209.15,230.68,1.04
1767819600,5,1277.17,0.0,15.64,111.79,23.35,213.22,234.5,0.77
1767823200,5,1312.09,0.0,16.43,106.66,26.4,218.24,239.37,0.56
1767826800,5,1375.52,0.0,17.98,99.36,29.76,226.6,247.84,0.47
1767830400,5,1431.82,0.0,19.87,92.55,33.88,233.15,254.58,0.41
1767834000,5,1392.27,0.0,19.48,95.32,40.48,227.74,249.31,0.32
1767837600,5,1404.11,0.13,21.8,97.13,41.2,231.15,253.52,0.37
1767841200,5,1402.92,1.22,23.43,106.12,40.99,235.66,258.78,0.41
1767844800,5,1290.98,1.87,20.42,129.28,43.13,231.73,254.38,0.38
1767848400,5,1264.68,1.83,17.95,155.04,41.38,239.43,262.35,0.54
1767852000,5,1271.46,1.36,15.04,187.12,39.23,256.75,280.29,0.78
1767855600,5,1155.76,0.74,9.94,221.47,37.19,250.09,271.66,0.88
1767859200,5,1033.04,0.41,6.54,239.22,34.09,232.58,251.99,0.87
1767862800,5,972.62,0.27,5.62,246.62,31.93,223.24,241.77,0.87
1767866400,5,936.07,0.19,6.12,248.24,30.52,216.57,234.86,1.09
1767870000,5,907.92,0.08,7.59,238.78,28.86,207.67,225.8,1.53
1767873600,5,893.2,0.0,8.31,223.95,27.72,199.96,218.16,2.03
1767877200,5,887.97,0.0,8.3,202.92,25.66,191.77,210.32,2.57
1767880800,5,930.14,0.0,9.23,183.03,23.41,193.28,213.32,3.04
1767884400,5,1000.31,0.0,10.06,168.49,22.61,203.87,225.95,3.1
1767888000,5,1061.04,0.0,10.76,154.31,21.58,212.04,235.78,2.96
1767891600,5,1156.33,0.0,12.23,139.8,20.05,224.13,249.8,2.8
1767895200,5,1274.22,0.0,14.23,125.05,18.76,238.84,266.07,2.3
1767898800,5,1404.34,0.0,16.73,109.91,17.88,252.85,281.09,1.79
1767902400,5,1544.78,0.0,19.74,97.27,18.29,268.65,297.26,1.36
1767906000,5,1651.16,0.0,22.37,88.57,20.75,280.21,308.09,0.99
1767909600,5,1524.01,0.0,20.15,94.28,30.26,266.45,291.06,0.59
1767913200,5,1482.62,0.0,19.67,93.33,32.77,261.75,285.22,0.63
1767916800,5,1420.41,0.0,18.76,91.31,33.19,252.85,275.41,0.56
1767920400,5,1319.37,0.0,17.63,89.11,33.55,235.97,257.74,0.46
1767924000,5,1245.85,0.35,19.62,86.35,32.48,221.29,242.75,0.46
1767927600,5,1170.79,1.74,19.82,90.32,31.95,206.95,228.1,0.51
1767931200,5,1078.04,2.57,18.16,102.74,32.58,191.87,212.36,0.56
1767934800,5,1043.01,2.45,16.6,122.78,32.27,189.95,210.31,0.78
1767938400,5,1029.68,1.87,14.62,149.83,32.12,197.57,217.96,1.02
1767942000,5,840.66,1.15,10.04,169.29,28.75,165.99,183.23,1.15
1767945600,5,670.29,0.65,6.55,176.9,24.25,135.78,150.16,1.26
1767949200,5,587.02,0.43,5.25,179.92,21.88,122.76,135.71,1.08
1767952800,5,548.81,0.31,5.52,179.41,20.49,114.63,126.97,1.26
1767956400,5,539.01,0.16,7.26,169.43,19.36,106.28,118.51,1.79
1767960000,5,549.4,0.01,9.14,155.22,18.91,98.95,111.46,2.4
1767963600,5,586.43,0.0,10.55,140.31,19.01,95.37,108.84,3.08
1767967200,5,654.31,0.0,12.51,126.72,19.16,98.72,113.87,3.57
1767970800,5,734.32,0.0,14.26,115.04,19.28,107.54,124.42,3.59
1767974400,5,804.14,0.0,15.58,104.64,18.9,116.65,134.87,3.41
1767978000,5,880.07,0.0,17.05,95.5,18.03,126.05,145.33,3.19
1767981600,5,948.02,0.0,18.35,87.23,16.95,133.64,153.13,2.77
1767985200,5,997.56,0.0,19.32,80.05,16.12,138.12,156.81,2.28
1767988800,5,1033.52,0.0,20.47,74.96,16.79,141.98,159.2,1.8
1767992400,5,1063.13,0.0,22.39,70.72,20.99,145.76,161.44,1.25
1767996000,5,1007.08,0.0,23.29,69.58,42.6,139.76,154.19,0.29
1767999600,5,1062.53,0.0,26.67,60.47,47.35,140.92,155.55,0.24
1768003200,5,1110.89,0.0,28.79,54.53,45.77,143.22,158.19,0.28
1768006800,5,1133.0,0.01,29.65,51.01,42.15,143.77,159.19,0.36
1768010400,5,1134.11,1.46,31.94,54.83,39.68,141.7,157.6,0.48
1768014000,5,1083.8,4.49,28.18,65.98,38.56,134.78,150.67,0.55
1768017600,5,961.18,4.87,23.52,83.59,37.6,122.82,137.8,0.44
1768021200,5,900.05,4.1,20.29,101.88,34.59,120.92,135.48,0.58
1768024800,5,857.43,2.95,16.91,123.85,31.93,126.12,140.36,0.7
1768028400,5,669.26,1.53,10.68,147.57,26.75,109.5,121.12,0.43
1768032000,5,535.66,0.71,6.17,162.67,21.56,98.69,108.28,0.08
1768035600,5,492.8,0.39,4.47,171.38,19.29,96.75,105.59,0.08
1768039200,5,485.74,0.26,4.42,175.67,18.13,97.19,105.95,0.37
1768042800,5,502.46,0.13,5.75,171.96,17.33,98.24,107.37,0.97
1768046400,5,534.11,0.01,7.11,164.23,17.05,100.0,109.75,1.57
1768050000,5,576.4,0.0,7.55,156.66,17.32,103.81,114.49,2.15
1768053600,5,625.5,0.0,7.95,151.03,18.17,110.15,121.93,2.52
1768057200,5,666.06,0.0,8.07,147.1,19.22,117.93,130.55,2.27
1768060800,5,692.79,0.0,8.21,141.62,19.22,122.32,135.41,2.07
1768064400,5,737.07,0.0,8.89,134.48,18.4,127.51,141.3,2.13
1768068000,5,781.99,0.0,9.57,127.6,17.61,132.95,147.05,2.05
1768071600,5,825.88,0.0,10.19,120.44,16.83,138.96,153.15,1.76
1768075200,5,872.41,0.0,10.89,114.03,16.29,146.3,160.57,1.35
1768078800,5,924.01,0.0,11.8,107.76,15.9,153.88,168.23,1.02
1768082400,5,970.97,0.0,12.75,100.91,16.04,160.17,174.43,0.75
1768086000,5,1028.75,0.0,14.32,93.58,16.95,166.39,180.6,0.68
1768089600,5,1075.1,0.0,16.16,86.81,18.7,170.87,185.02,0.63
1768093200,5,1050.73,0.0,16.69,84.35,23.21,165.36,179.62,0.45
1768096800,5,1051.4,0.12,19.24,79.69,24.49,160.59,175.47,0.69
1768100400,5,1012.23,1.13,20.32,81.28,26.15,151.07,166.31,1.06
1768104000,5,895.31,1.78,17.97,94.83,29.83,137.46,152.24,0.99
1768107600,5,880.72,2.04,16.97,106.01,30.48,138.37,153.54,1.2
1768111200,5,864.02,1.87,15.34,122.72,30.45,143.47,158.79,1.44
1768114800,5,762.15,1.21,11.12,147.6,28.41,139.53,153.28,1.38
1768118400,5,659.08,0.63,7.2,168.7,24.94,134.24,146.24,1.11
1768122000,5,596.66,0.36,5.24,180.17,22.45,130.97,141.93,0.78
1768125600,5,567.37,0.23,4.93,184.96,20.66,127.99,138.44,0.8
1768129200,5,561.0,0.11,6.04,180.87,19.27,124.64,134.96,1.17
1768132800,5,566.97,0.01,7.04,172.57,18.61,121.3,131.72,1.61
1768136400,5,591.4,0.0,7.49,163.06,18.16,120.08,131.12,2.16
1768140000,5,637.54,0.0,8.46,153.13,17.7,121.97,134.31,2.82
1768143600,5,690.5,0.0,9.27,144.61,17.78,126.76,140.52,3.09
1768147200,5,734.94,0.0,9.72,137.11,18.3,131.86,146.71,3.11
1768150800,5,786.41,0.0,10.17,130.55,18.63,138.7,154.3,2.95
1768154400,5,829.2,0.0,10.59,123.34,19.3,144.5,160.19,2.61
1768158000,5,869.08,0.0,11.32,113.97,20.44,147.99,163.59,2.31
1768161600,5,924.75,0.0,12.99,102.75,21.43,152.05,167.7,2.2
1768165200,5,963.55,0.0,14.71,91.7,23.37,152.89,168.27,2.15
1768168800,5,942.1,0.0,15.98,83.45,27.11,146.58,161.0,2.04
1768172400,5,932.83,0.0,17.44,76.16,28.66,141.38,155.37,1.99
1768176000,5,917.16,0.0,18.39,72.41,29.9,137.75,151.5,1.79
1768179600,5,895.41,0.0,18.83,71.23,31.13,134.42,148.4,1.64
1768183200,5,871.55,0.17,20.59,73.51,32.5,132.05,146.65,1.67
1768186800,5,830.46,1.39,20.25,82.85,33.79,130.22,145.31,1.58
1768190400,5,753.32,2.11,16.8,100.61,34.09,127.77,142.63,1.31
1768194000,5,733.36,2.17,14.72,116.52,32.79,131.0,146.03,1.44
1768197600,5,727.09,1.75,12.75,136.66,31.93,138.61,153.84,1.57
1768201200,5,662.68,1.0,8.82,163.35,28.68,138.85,152.71,1.37
1768204800,5,588.79,0.53,5.76,179.85,24.71,132.92,145.03,1.03
1768208400,5,548.69,0.34,4.63,187.81,22.79,128.23,139.43,0.91
1768212000,5,531.36,0.25,4.74,191.42,22.13,124.67,135.45,1.0
1768215600,5,534.81,0.13,6.08,187.79,22.38,122.77,133.55,1.34
1768219200,5,560.32,0.02,7.55,180.4,23.47,123.97,135.24,1.81
1768222800,5,604.23,0.0,8.08,170.77,24.36,128.05,140.37,2.48
1768226400,5,671.2,0.0,9.21,160.98,24.89,135.47,149.56,3.2
1768230000,5,738.97,0.0,10.35,151.6,25.62,144.71,160.63,3.45
1768233600,5,811.08,0.0,11.84,139.53,24.52,152.6,170.36,3.67
1768237200,5,911.42,0.0,14.16,125.27,21.94,161.26,181.23,4.08
1768240800,5,1009.9,0.0,16.41,111.34,19.69,169.54,190.95,3.85
1768244400,5,1087.9,0.0,18.19,99.23,18.17,175.0,196.76,3.1
1768248000,5,1151.53,0.0,19.7,90.15,17.89,179.15,200.28,2.37
1768251600,5,1193.18,0.0,20.83,83.87,19.19,180.82,200.64,1.79
1768255200,5,1141.37,0.0,19.81,82.35,25.75,174.53,192.2,1.14
1768258800,5,1145.67,0.0,20.65,74.58,29.96,171.99,188.79,1.02
1768262400,5,1132.48,0.0,21.12,68.97,33.69,168.49,184.63,0.86
1768266000,5,1097.35,0.0,21.22,66.66,37.2,163.23,179.22,0.78
1768269600,5,1081.62,0.48,23.3,68.39,39.65,160.04,176.48,0.86
1768273200,5,1059.07,2.19,22.94,77.82,43.13,157.66,174.49,0.9
1768276800,5,994.5,3.03,20.71,96.41,47.43,154.17,170.73,0.79
1768280400,5,972.56,3.01,19.03,116.14,47.35,157.55,174.25,0.96
1768284000,5,964.56,2.43,17.12,139.8,45.71,166.18,183.01,1.19
1768287600,5,795.91,1.31,11.34,169.05,38.19,148.45,162.12,1.22
1768291200,5,658.11,0.66,7.07,184.96,30.54,133.16,144.35,0.87
1768294800,5,594.67,0.41,5.54,192.09,26.64,125.85,135.95,0.79
1768298400,5,581.01,0.29,5.78,194.51,24.24,123.82,133.76,1.03
1768302000,5,596.52,0.15,7.48,188.0,22.27,123.17,133.53,1.59
1768305600,5,624.27,0.01,8.98,177.47,21.06,121.72,132.68,2.22
1768309200,5,658.68,0.0,9.35,166.04,20.41,120.53,132.34,2.86
1768312800,5,709.0,0.0,10.08,155.1,20.38,122.68,135.75,3.32
1768316400,5,762.2,0.0,10.79,146.22,21.42,127.5,141.76,3.39
1768320000,5,794.83,0.0,11.53,136.77,22.69,129.42,144.52,3.15
1768323600,5,869.0,0.0,13.08,125.38,22.2,136.7,153.27,3.24
1768327200,5,943.64,0.0,14.33,115.53,21.95,145.27,162.72,3.17
1768330800,5,1016.85,0.0,15.24,106.69,21.88,154.74,172.64,2.94
1768334400,5,1095.85,0.0,16.16,99.22,22.3,165.54,183.56,2.8
1768338000,5,1169.74,0.0,17.16,92.98,25.09,176.59,194.19,2.43
1768341600,5,1164.16,0.0,17.0,90.07,38.88,180.09,196.69,1.33
1768345200,5,1217.82,0.0,19.16,79.17,45.86,186.35,202.92,1.05
1768348800,5,1247.42,0.0,20.97,70.34,49.2,189.51,206.0,0.79
1768352400,5,1218.64,0.0,21.6,67.23,52.03,185.73,202.22,0.61
1768356000,5,1195.15,0.22,24.2,69.11,51.74,181.87,198.8,0.73
1768359600,5,1165.58,1.92,25.06,79.17,52.71,177.74,195.07,0.92
1768363200,5,1107.79,3.21,23.2,96.78,55.72,173.12,190.46,0.98
1768366800,5,1064.15,3.28,21.5,117.76,56.76,172.39,189.74,1.11
1768370400,5,1035.78,2.7,19.25,142.27,55.52,177.18,194.6,1.24
1768374000,5,885.03,1.53,13.48,175.13,49.37,166.64,181.87,1.19
1768377600,5,774.64,0.82,9.15,196.07,42.02,158.04,171.53,1.26
1768381200,5,723.81,0.5,7.26,207.13,37.39,154.39,167.09,1.38
1768384800,5,713.92,0.32,7.19,211.52,34.01,154.18,166.76,1.55
1768388400,5,726.81,0.14,8.51,206.05,30.42,153.43,166.31,1.97
1768392000,5,747.15,0.01,9.37,195.6,27.29,151.26,164.56,2.46
1768395600,5,781.53,0.0,9.27,183.83,24.65,151.78,165.93,2.84
1768399200,5,840.43,0.0,10.05,172.2,22.64,155.65,171.26,3.34
1768402800,5,907.52,0.0,10.99,160.27,21.34,160.99,178.18,3.7
1768406400,5,960.78,0.0,11.74,148.15,20.79,165.08,183.46,3.63
1768410000,5,1021.08,0.0,12.71,136.53,20.17,169.9,189.49,3.57
1768413600,5,1078.34,0.0,13.58,125.1,19.86,174.64,194.85,3.33
1768417200,5,1101.7,0.0,14.16,114.12,19.84,174.26,194.28,2.96
1768420800,5,1142.06,0.0,14.9,104.43,19.57,176.47,196.16,2.67
1768424400,5,1183.73,0.0,15.62,97.43,19.94,180.63,199.62,2.37
1768428000,5,1175.74,0.0,15.14,95.07,22.97,182.04,199.41,1.55
1768431600,5,1179.58,0.0,15.47,92.64,28.56,185.17,201.36,1.02
1768435200,5,1206.59,0.0,17.07,86.95,35.79,190.27,205.94,0.77
1768438800,5,1191.97,0.0,18.22,82.53,49.67,190.48,206.58,0.48
1768442400,5,1228.14,0.13,21.99,76.13,50.83,196.01,213.44,0.63
1768446000,5,1246.24,1.45,24.58,78.24,49.75,200.23,218.89,0.94
1768449600,5,1199.41,2.84,23.36,92.01,50.52,199.21,218.38,1.12
1768453200,5,1139.43,3.04,21.55,113.82,50.97,198.38,217.65,1.28
1768456800,5,1093.42,2.51,19.12,141.38,51.06,201.79,221.01,1.39
1768460400,5,883.16,1.34,12.47,176.14,44.82,178.78,194.66,1.19
1768464000,5,711.63,0.66,7.47,193.8,35.62,153.68,166.57,1.32
1768467600,5,623.18,0.39,5.55,199.92,30.18,139.55,150.84,1.14
1768471200,5,569.25,0.26,5.34,199.01,26.29,127.72,137.96,1.09
1768474800,5,558.3,0.13,6.67,190.74,23.56,120.59,130.69,1.49
1768478400,5,574.4,0.01,7.96,179.83,21.86,116.86,127.35,1.98
1768482000,5,608.42,0.0,8.46,168.62,20.89,116.31,127.67,2.45
1768485600,5,665.11,0.0,9.34,158.64,20.65,120.52,133.31,2.79
1768489200,5,731.37,0.0,10.24,149.33,21.14,127.86,142.11,2.86
1768492800,5,792.17,0.0,11.03,139.79,21.55,134.61,150.1,2.83
1768496400,5,858.55,0.0,12.11,130.61,21.53,141.1,157.85,2.92
1768500000,5,907.24,0.0,12.76,122.31,21.61,145.89,162.91,2.63
1768503600,5,937.67,0.0,13.09,114.47,21.73,148.79,165.57,2.24
1768507200,5,973.56,0.0,13.54,108.44,21.81,152.09,168.54,2.06
1768510800,5,1003.45,0.0,13.95,103.91,23.05,156.41,172.36,1.76
1768514400,5,1005.73,0.0,13.81,101.78,29.89,158.71,174.06,1.16
1768518000,5,1085.15,0.0,16.19,91.33,37.06,168.07,183.82,0.98
1768521600,5,1172.84,0.0,19.06,80.07,46.16,179.28,195.68,0.72
1768525200,5,1214.77,0.0,21.19,72.32,55.95,186.91,204.27,0.52
1768528800,5,1256.47,0.2,25.15,69.0,55.53,196.09,214.8,0.67
1768532400,5,1267.61,1.91,26.71,76.07,53.63,203.31,223.18,0.88
1768536000,5,1216.31,3.28,24.3,94.47,53.96,205.64,225.96,1.02
1768539600,5,1159.05,3.26,21.64,120.96,53.55,209.21,229.68,1.13
1768543200,5,1118.42,2.47,18.54,154.68,52.77,218.37,238.96,1.18
1768546800,5,964.11,1.29,12.33,195.24,48.36,208.82,226.99,1.04
1768550400,5,861.48,0.69,8.27,217.91,41.18,198.92,215.26,1.2
1768554000,5,810.16,0.42,6.67,229.52,36.74,192.55,207.98,1.36
1768557600,5,796.43,0.28,6.8,233.29,33.59,189.98,205.18,1.59
1768561200,5,808.87,0.13,8.09,227.27,30.27,188.64,203.93,2.02
1768564800,5,831.87,0.01,8.86,217.13,27.48,187.27,202.75,2.47
1768568400,5,869.63,0.0,8.68,205.48,24.75,188.99,205.15,2.76
1768572000,5,932.37,0.0,9.54,192.17,22.23,193.51,211.22,3.24
1768575600,5,1004.73,0.0,10.65,177.93,20.44,198.16,217.7,3.64
1768579200,5,1051.08,0.0,11.55,162.83,19.3,197.34,218.46,3.74
1768582800,5,1122.9,0.0,12.61,150.12,18.51,202.93,225.54,3.68
1768586400,5,1194.63,0.0,13.6,138.25,18.16,209.84,233.28,3.3
1768590000,5,1249.68,0.0,14.17,127.49,18.22,216.15,239.61,2.7
1768593600,5,1302.27,0.0,14.71,118.0,17.86,223.79,247.01,2.16
1768597200,5,1360.29,0.0,15.66,109.11,17.17,232.15,254.99,1.72
1768600800,5,1412.86,0.0,17.11,99.97,15.87,238.99,261.23,1.4
1768604400,5,1462.67,0.0,18.61,92.33,14.62,246.21,267.6,1.18
1768608000,5,1484.14,0.0,19.15,87.96,14.27,252.74,273.01,0.83
1768611600,5,1418.63,0.0,17.49,91.51,16.63,251.31,270.35,0.35
1768615200,5,1419.16,0.34,19.11,91.98,18.26,254.73,273.96,0.35
1768618800,5,1428.7,1.31,20.12,95.32,20.77,259.14,278.91,0.37
1768622400,5,1375.65,1.96,19.2,109.22,25.58,256.99,276.8,0.36
1768626000,5,1361.54,1.99,17.84,130.98,27.49,264.39,284.76,0.55
1768629600,5,1359.3,1.51,15.69,161.99,28.32,281.44,302.3,0.87
1768633200,5,1215.95,0.87,11.11,194.82,28.16,280.84,299.81,0.84
1768636800,5,1138.04,0.51,8.28,216.75,26.72,284.25,302.11,0.79
1768640400,5,1093.89,0.33,7.33,230.3,26.48,286.44,303.75,0.81
1768644000,5,1074.34,0.2,7.86,235.28,25.92,287.23,304.44,0.88
1768647600,5,1071.88,0.08,9.26,230.92,24.73,286.89,304.2,1.09
1768651200,5,1073.96,0.01,9.52,222.75,23.89,285.61,303.04,1.27
1768654800,5,1071.63,0.0,8.34,212.34,22.51,283.04,300.62,1.24
1768658400,5,1076.64,0.0,7.79,200.51,20.06,281.37,299.28,1.09
1768662000,5,1087.89,0.0,7.59,188.35,17.24,278.56,296.74,1.16
1768665600,5,1102.2,0.0,7.63,176.39,14.88,275.84,294.36,1.22
1768669200,5,1141.92,0.0,8.12,164.44,13.51,277.84,297.17,1.37
1768672800,5,1200.5,0.0,8.84,152.56,12.89,281.61,301.78,1.46
1768676400,5,1262.14,0.0,9.46,140.42,12.64,284.49,305.44,1.6
1768680000,5,1321.73,0.0,10.04,129.01,12.03,287.75,309.24,1.56
1768683600,5,1384.32,0.0,10.83,117.94,11.43,291.08,313.03,1.43
1768687200,5,1458.21,0.0,12.29,105.9,10.83,294.42,316.89,1.38
1768690800,5,1547.13,0.0,14.34,94.19,10.36,298.88,321.99,1.45
1768694400,5,1628.75,0.0,16.61,84.87,10.51,303.15,326.69,1.41
1768698000,5,1696.22,0.0,19.03,78.23,11.72,305.3,329.49,1.48
1768701600,5,1772.9,0.19,21.94,72.6,12.84,309.16,334.29,1.81
1768705200,5,1811.77,1.62,21.96,76.89,15.17,312.63,338.09,2.09
1768708800,5,1591.59,1.71,17.18,110.76,28.52,297.53,319.99,1.14
1768712400,5,1537.2,1.52,14.84,141.26,33.64,303.53,325.76,1.15
1768716000,5,1535.5,1.1,12.67,176.91,36.43,323.03,345.56,1.39
1768719600,5,1404.43,0.67,9.31,213.5,37.78,322.48,343.27,1.34
1768723200,5,1340.04,0.42,7.43,237.99,37.45,329.52,349.49,1.38
1768726800,5,1293.99,0.28,6.95,253.56,38.11,331.76,351.16,1.38
1768730400,5,1260.37,0.19,7.65,258.88,37.64,329.0,348.03,1.58
1768734000,5,1253.84,0.08,9.19,253.28,36.57,325.76,344.74,2.01
1768737600,5,1262.59,0.01,9.57,243.98,36.36,324.15,343.35,2.31
1768741200,5,1264.29,0.0,8.54,231.82,34.67,321.12,340.56,2.34
1768744800,5,1270.63,0.0,8.11,219.85,31.56,317.79,337.57,2.42
1768748400,5,1285.13,0.0,7.94,208.37,28.74,315.71,335.77,2.44
1768752000,5,1294.71,0.0,7.83,197.69,26.39,313.14,333.33,2.31
1768755600,5,1324.82,0.0,8.27,186.05,23.65,313.69,334.56,2.21
1768759200,5,1374.28,0.0,8.98,172.67,21.04,315.3,337.0,2.01
1768762800,5,1433.35,0.0,9.84,157.94,18.88,318.05,340.74,1.86
1768766400,5,1504.43,0.0,10.83,143.78,17.25,324.55,348.4,1.74
1768770000,5,1577.04,0.0,11.86,129.86,16.08,332.29,357.21,1.49
1768773600,5,1655.25,0.0,13.25,115.01,14.93,341.52,367.54,1.36
1768777200,5,1754.71,0.0,15.05,100.25,13.54,355.32,382.48,1.29
1768780800,5,1856.44,0.0,17.11,86.97,12.48,370.02,398.23,1.27
1768784400,5,1942.17,0.0,19.56,75.05,12.2,379.52,409.11,1.56
1768788000,5,2031.61,0.19,22.74,66.61,13.1,387.49,418.69,2.07
1768791600,5,2082.14,1.6,23.39,69.99,15.76,394.8,426.87,2.43
1768795200,5,1966.54,2.1,20.14,100.62,24.45,390.64,420.61,2.1
1768798800,5,1867.67,1.6,16.95,140.55,30.12,395.67,424.2,1.91
1768802400,5,1809.22,0.99,13.47,187.21,34.19,412.35,440.06,1.87
1768806000,5,1765.53,0.59,10.3,232.07,37.11,433.68,460.71,1.94
1768809600,5,1721.14,0.38,8.3,259.49,37.05,447.84,474.15,2.0
1768813200,5,1695.0,0.27,7.86,273.28,36.26,454.32,480.11,2.24
1768816800,5,1691.35,0.18,8.59,274.04,33.84,458.02,483.49,2.52
1768820400,5,1693.45,0.07,9.84,262.93,29.41,458.73,483.91,2.47
1768824000,5,1675.96,0.01,9.58,247.99,25.46,451.71,476.21,2.24
1768827600,5,1627.5,0.0,7.91,234.14,22.79,438.22,461.79,1.83
1768831200,5,1575.04,0.0,6.8,224.25,21.25,423.84,446.59,1.61
1768834800,5,1506.86,0.0,5.92,215.27,19.88,406.06,427.55,1.31
1768838400,5,1421.95,0.0,5.26,206.67,18.7,384.1,404.05,1.12
1768842000,5,1357.86,0.0,4.99,198.37,17.45,366.33,385.0,1.06
1768845600,5,1317.52,0.0,4.79,189.76,15.98,353.54,370.78,1.0
1768849200,5,1296.86,0.0,4.68,180.86,14.57,346.02,362.11,0.93
1768852800,5,1304.31,0.0,4.72,171.95,13.34,345.07,360.55,0.95
1768856400,5,1344.02,0.0,5.05,162.72,12.27,350.47,365.96,0.94
1768860000,5,1423.22,0.0,5.8,149.54,11.14,361.2,377.43,1.14
1768863600,5,1533.43,0.0,7.04,134.46,10.08,376.6,394.18,1.36
1768867200,5,1665.22,0.0,8.79,118.75,9.3,392.46,411.65,1.59
1768870800,5,1805.07,0.0,11.4,103.82,9.32,404.91,426.33,1.93
1768874400,5,1928.86,0.07,14.92,93.86,10.48,413.96,437.9,2.43
1768878000,5,2005.63,0.77,17.1,95.13,13.39,418.87,444.74,2.77
1768881600,5,1993.22,1.36,16.24,116.3,19.45,420.99,447.52,2.46
1768885200,5,2010.3,1.28,14.79,146.2,22.78,433.52,460.98,2.54
1768888800,5,2038.7,0.91,12.74,185.11,24.8,458.42,486.96,2.93
1768892400,5,2050.57,0.58,10.44,224.0,26.8,487.34,516.49,3.15
1768896000,5,1992.66,0.37,8.68,243.15,26.21,494.71,523.08,3.09
1768899600,5,1910.53,0.25,8.13,248.06,25.44,486.61,513.93,3.03
1768903200,5,1829.91,0.16,8.55,242.75,24.66,470.83,497.13,2.91
1768906800,5,1766.77,0.06,9.51,230.16,22.62,453.89,479.28,2.84
1768910400,5,1723.07,0.0,9.48,217.7,20.92,441.84,466.58,2.43
1768914000,5,1687.22,0.0,8.34,207.99,20.14,431.49,455.9,2.01
1768917600,5,1666.45,0.0,7.68,200.96,20.18,424.97,449.68,1.77
1768921200,5,1648.06,0.0,7.25,195.1,20.17,419.26,444.25,1.75
1768924800,5,1625.23,0.0,6.82,189.84,19.78,414.48,439.35,1.71
1768928400,5,1599.87,0.0,6.18,187.23,19.03,412.83,436.93,1.49
1768932000,5,1559.16,0.0,5.26,187.44,18.53,410.55,433.06,1.14
1768935600,5,1511.07,0.0,4.46,189.18,18.48,406.68,427.58,0.88
1768939200,5,1479.07,0.0,4.18,187.06,17.34,402.82,422.69,0.8
1768942800,5,1471.04,0.0,4.3,179.84,15.33,399.6,418.78,0.84
1768946400,5,1483.11,0.0,4.75,167.61,13.38,394.69,413.55,0.96
1768950000,5,1520.63,0.0,5.42,153.02,11.85,390.95,410.01,1.1
1768953600,5,1573.18,0.0,6.5,137.11,10.67,387.49,407.21,1.21
1768957200,5,1654.86,0.0,8.58,120.67,10.23,383.92,405.41,1.55
1768960800,5,1772.84,0.05,11.96,106.78,10.74,384.52,408.73,1.97
1768964400,5,1899.06,0.55,15.23,101.48,12.74,389.97,416.8,2.28
1768968000,5,1873.25,0.95,14.9,121.9,22.27,388.48,415.59,1.73
1768971600,5,1884.9,1.03,14.58,146.31,28.51,397.14,425.28,2.09
1768975200,5,1934.2,0.84,13.92,179.97,33.33,421.25,450.86,2.63
1768978800,5,1987.6,0.61,12.34,218.32,35.67,453.68,484.51,3.07
1768982400,5,1966.65,0.42,10.61,242.53,34.72,470.45,501.22,3.21
1768986000,5,1966.22,0.29,10.27,256.75,34.42,484.84,515.68,3.38
1768989600,5,1986.17,0.17,11.07,261.38,34.22,498.02,529.11,3.43
1768993200,5,2005.12,0.06,12.12,256.31,31.84,504.73,535.73,3.32
1768996800,5,2009.78,0.0,11.21,247.85,29.04,507.46,537.71,2.77
1769000400,5,1974.9,0.0,8.79,239.69,26.96,501.45,530.41,2.2
1769004000,5,1922.35,0.0,7.4,231.63,25.13,488.79,516.62,1.9
1769007600,5,1846.48,0.0,6.6,222.63,23.24,468.33,494.84,1.82
1769011200,5,1746.43,0.0,6.09,212.29,21.23,441.89,466.87,1.76
1769014800,5,1668.69,0.0,5.7,202.31,18.74,421.64,445.21,1.63
1769018400,5,1610.98,0.0,5.23,192.1,15.83,406.67,428.65,1.64
1769022000,5,1569.23,0.0,4.83,182.15,13.52,396.4,417.08,1.56
1769025600,5,1575.88,0.0,5.11,171.65,12.11,395.45,415.71,1.45
1769029200,5,1642.19,0.0,6.38,156.44,10.96,398.26,418.95,1.39
1769032800,5,1700.4,0.0,7.84,138.37,10.57,392.69,413.55,1.37
1769036400,5,1750.01,0.0,9.55,122.54,11.05,384.69,405.96,1.45
1769040000,5,1834.04,0.0,12.68,106.15,12.31,380.03,402.82,1.69
1769043600,5,1807.5,0.0,17.05,95.36,24.28,356.2,381.02,1.47
1769047200,5,1807.99,0.1,23.48,81.52,33.28,338.93,365.97,1.52
1769050800,5,1779.94,1.07,28.88,75.04,39.01,321.3,349.84,1.88
1769054400,5,1703.06,2.56,30.05,83.78,41.2,301.15,330.17,2.36
1769058000,5,1629.47,3.09,29.08,106.13,39.97,288.39,317.68,2.96
1769061600,5,1548.22,2.53,26.13,140.87,38.76,285.48,314.47,3.39
1769065200,5,1377.47,1.52,19.75,181.94,38.11,279.85,306.41,2.94
1769068800,5,1255.23,0.84,14.4,212.26,36.1,281.24,305.96,2.52
1769072400,5,1154.22,0.49,11.36,228.2,34.45,276.32,299.46,2.13
1769076000,5,1090.71,0.3,10.75,230.29,32.32,267.13,289.22,2.15
1769079600,5,1070.74,0.12,11.97,221.67,29.76,258.8,280.43,2.66
1769083200,5,1072.95,0.01,12.38,208.58,27.74,251.88,273.42,3.31
1769086800,5,1074.37,0.0,11.1,193.33,25.88,245.23,266.93,3.71
1769090400,5,1079.78,0.0,10.62,177.96,23.6,239.27,261.61,3.92
1769094000,5,1095.03,0.0,10.71,164.23,20.76,235.8,259.0,3.63
1769097600,5,1115.55,0.0,11.12,151.21,17.79,231.32,255.26,3.36
1769101200,5,1156.73,0.0,12.04,138.81,15.87,230.11,255.05,3.29
1769104800,5,1203.59,0.0,13.09,126.27,14.92,227.82,253.32,3.18
1769108400,5,1218.22,0.0,13.34,116.67,15.52,223.55,248.73,2.77
1769112000,5,1231.38,0.0,13.15,109.16,15.25,220.87,245.69,2.46
1769115600,5,1234.41,0.0,12.66,102.62,14.66,217.76,242.08,2.13
1769119200,5,1238.21,0.0,12.34,96.42,13.98,214.85,238.75,1.96
1769122800,5,1260.7,0.0,12.88,90.01,13.14,213.12,236.83,2.0
1769126400,5,1299.03,0.0,14.52,82.75,12.57,212.66,236.65,2.31
1769130000,5,1352.0,0.0,17.46,74.91,12.47,210.45,235.57,2.9
1769133600,5,1427.11,0.29,21.59,67.91,13.01,211.02,238.21,3.6
1769137200,5,1509.55,2.39,22.92,70.07,14.64,215.28,244.35,4.34
1769140800,5,1479.09,3.29,21.91,90.98,20.11,217.43,245.61,4.36
1769144400,5,1431.74,2.65,20.22,121.86,24.0,227.33,254.28,4.14
1769148000,5,1402.1,1.64,17.2,163.49,26.82,250.62,276.76,3.75
1769151600,5,1385.76,0.9,13.27,209.48,29.31,284.96,310.58,3.38
1769155200,5,1375.3,0.51,10.03,243.65,29.37,316.29,341.7,3.26
1769158800,5,1356.12,0.32,8.67,261.71,29.1,331.45,356.53,3.2
1769162400,5,1325.59,0.21,8.87,265.52,28.8,332.99,357.62,3.16
1769166000,5,1292.85,0.08,9.69,256.02,26.97,327.0,350.97,3.02
1769169600,5,1237.83,0.01,8.93,240.27,24.02,312.26,335.07,2.61
1769173200,5,1150.94,0.0,6.84,223.2,20.13,289.58,310.78,1.79
1769176800,5,1092.57,0.0,5.97,209.08,17.14,272.6,293.13,1.56
1769180400,5,1045.54,0.0,5.44,196.99,15.01,258.3,278.24,1.49
1769184000,5,1001.91,0.0,5.18,185.65,13.48,245.85,265.21,1.46
1769187600,5,1003.41,0.0,5.35,176.29,12.4,242.91,262.29,1.52
1769191200,5,1057.12,0.0,5.83,167.0,11.43,250.31,270.07,1.51
1769194800,5,1141.68,0.0,6.49,156.1,10.69,261.96,282.4,1.57
1769198400,5,1241.54,0.0,7.23,145.66,10.31,276.58,298.03,1.74
1769202000,5,1357.33,0.0,8.24,134.94,10.27,294.02,316.77,1.94
1769205600,5,1489.23,0.0,9.72,122.94,10.75,312.81,337.16,2.39
1769209200,5,1619.06,0.0,11.51,111.43,11.7,330.28,355.46,2.93
1769212800,5,1731.58,0.0,13.39,101.21,13.02,344.83,368.18,3.42
1769216400,5,1845.18,0.0,15.72,91.99,14.67,356.25,379.58,3.93
1769220000,5,1955.92,0.12,19.11,84.16,16.12,365.69,392.07,4.36
1769223600,5,2016.02,1.15,20.77,86.89,18.78,370.91,398.93,4.58
1769227200,5,1815.79,1.43,17.0,118.34,31.32,356.7,382.92,2.9
1769230800,5,1729.96,1.16,14.2,155.37,37.59,360.52,386.42,2.69
1769234400,5,1708.61,0.76,11.4,198.29,40.97,382.25,408.37,2.77
1769238000,5,1605.68,0.46,8.38,234.52,42.51,386.55,411.39,2.75
1769241600,5,1521.39,0.31,6.67,252.76,39.7,385.2,408.63,2.84
1769245200,5,1469.89,0.23,6.31,260.09,37.65,382.14,404.61,2.97
1769248800,5,1440.68,0.16,6.87,259.38,35.62,379.51,401.39,2.85
1769252400,5,1425.97,0.07,7.84,248.69,32.19,376.09,397.54,2.66
1769256000,5,1403.57,0.01,7.73,234.6,28.89,369.7,390.71,2.27
1769259600,5,1360.77,0.0,6.42,220.54,26.04,357.49,378.08,1.82
1769263200,5,1310.01,0.0,5.63,208.69,23.86,342.84,363.11,1.58
1769266800,5,1244.06,0.0,5.01,198.36,22.02,325.07,344.6,1.35
1769270400,5,1163.8,0.0,4.47,189.34,20.49,305.32,323.86,1.13
1769274000,5,1088.91,0.0,3.98,182.83,19.02,288.33,305.75,0.91
1769277600,5,1024.98,0.0,3.44,177.7,17.4,273.56,289.74,0.75
1769281200,5,958.79,0.0,2.79,174.17,15.92,259.26,274.26,0.57
1769284800,5,919.49,0.0,2.55,169.25,14.11,250.96,265.33,0.52
1769288400,5,896.31,0.0,2.5,164.07,12.68,245.47,259.37,0.45
1769292000,5,889.63,0.0,2.7,156.79,11.31,241.25,254.55,0.52
1769295600,5,903.81,0.0,3.17,146.63,9.53,239.76,253.34,0.7
1769299200,5,931.29,0.0,3.84,136.13,8.3,240.03,254.08,0.92
1769302800,5,982.81,0.0,5.01,125.28,7.76,242.55,257.72,1.29
1769306400,5,1050.91,0.02,7.0,114.85,7.82,247.03,263.8,1.75
1769310000,5,1116.45,0.31,9.16,108.09,8.64,250.89,269.1,2.19
1769313600,5,1106.19,0.8,9.45,114.92,11.98,245.7,264.07,2.02
1769317200,5,1099.41,0.99,8.9,126.33,15.09,243.85,262.24,2.02
1769320800,5,1115.43,0.86,8.14,143.66,17.59,250.49,269.03,2.19
1769324400,5,1110.57,0.63,7.15,166.01,20.79,257.69,276.15,2.14
1769328000,5,1029.95,0.4,5.76,181.62,21.58,251.3,268.68,1.73
1769331600,5,954.49,0.26,5.08,189.25,20.86,243.8,260.06,0.91
1769335200,5,902.87,0.18,5.35,190.87,19.79,237.38,252.75,0.34
1769338800,5,875.48,0.08,6.52,183.94,18.46,230.29,245.24,0.38
1769342400,5,867.56,0.01,7.51,174.39,17.53,224.48,239.41,0.67
1769346000,5,870.44,0.0,7.62,165.71,16.94,220.61,235.87,1.03
1769349600,5,885.35,0.0,8.02,157.22,16.41,217.66,233.59,1.53
1769353200,5,903.65,0.0,8.57,148.54,15.86,213.75,230.4,2.0
1769356800,5,921.18,0.0,9.11,138.26,14.92,208.5,225.78,2.37
1769360400,5,957.31,0.0,9.81,127.92,13.34,206.05,224.02,2.76
1769364000,5,992.99,0.0,10.25,117.93,11.63,204.68,222.89,2.93
1769367600,5,1020.04,0.0,10.24,109.73,10.53,204.68,222.89,2.88
1769371200,5,1039.91,0.0,10.04,104.27,10.37,206.98,225.22,2.52
1769374800,5,1061.26,0.0,9.97,100.04,10.37,210.72,229.05,2.08
1769378400,5,1096.17,0.0,10.39,94.52,10.01,214.4,232.98,1.83
1769382000,5,1160.16,0.0,11.79,86.17,9.0,218.56,237.92,1.78
1769385600,5,1255.04,0.0,14.18,75.41,8.17,223.8,244.31,1.82
1769389200,5,1369.27,0.0,17.69,62.82,8.01,229.5,252.08,2.13
1769392800,5,1502.16,0.27,22.14,52.73,9.09,236.47,261.8,2.8
1769396400,5,1618.67,2.2,24.03,52.46,12.24,245.07,272.77,3.42
1769400000,5,1506.27,3.12,21.52,78.36,24.68,242.23,268.32,2.82
1769403600,5,1472.54,2.77,20.74,105.18,31.26,251.78,277.75,2.7
1769407200,5,1451.48,1.94,19.24,143.12,36.61,271.5,297.44,2.62
1769410800,5,1444.02,1.2,16.45,187.72,39.78,301.39,327.38,2.57
1769414400,5,1418.49,0.69,12.96,222.46,38.07,325.58,351.21,2.39
1769418000,5,1387.78,0.42,11.16,242.28,36.75,338.94,364.11,2.23
1769421600,5,1358.59,0.25,11.14,248.83,35.77,340.65,365.32,2.29
1769425200,5,1332.51,0.1,12.16,242.1,34.31,334.59,358.66,2.45
1769428800,5,1313.56,0.01,12.09,230.03,33.25,325.55,348.99,2.76
1769432400,5,1299.44,0.0,10.39,216.92,32.46,318.33,341.57,2.81
1769436000,5,1305.69,0.0,9.53,206.64,32.07,317.77,341.58,2.75
1769439600,5,1322.74,0.0,8.83,197.87,31.97,319.93,344.41,2.69
1769443200,5,1325.36,0.0,8.15,188.21,30.75,317.97,342.55,2.63
1769446800,5,1315.69,0.0,7.72,176.55,26.66,310.0,334.28,2.63
1769450400,5,1291.17,0.0,7.39,163.41,21.55,295.11,318.42,2.46
1769454000,5,1244.0,0.0,6.99,152.08,18.05,277.61,299.52,2.09
1769457600,5,1222.53,0.0,7.05,139.74,14.79,265.6,286.89,1.79
1769461200,5,1225.29,0.0,7.69,126.84,12.4,255.81,277.16,1.67
1769464800,5,1247.68,0.0,9.17,111.89,10.61,245.85,267.77,1.79
1769468400,5,1308.36,0.0,11.44,96.56,9.1,240.09,263.21,2.08
1769472000,5,1392.64,0.0,14.36,81.49,7.97,238.54,263.21,2.19
1769475600,5,1491.19,0.0,18.37,66.61,7.58,235.72,262.75,2.56
1769479200,5,1596.37,0.36,22.97,56.06,8.33,232.96,262.57,3.06
1769482800,5,1665.99,2.71,23.83,59.07,10.92,231.07,262.11,3.36
1769486400,5,1535.84,3.39,21.57,86.29,19.35,220.62,249.08,2.84
1769490000,5,1453.21,2.58,19.99,121.07,25.3,225.26,252.44,2.65
1769493600,5,1399.23,1.57,17.04,168.53,29.63,244.31,270.9,2.52
1769497200,5,1303.1,0.8,12.04,214.67,32.51,263.81,288.76,1.84
1769500800,5,1242.72,0.42,8.35,243.67,31.6,280.04,303.68,1.61
1769504400,5,1195.32,0.27,7.05,256.19,30.51,284.12,306.82,1.59
1769508000,5,1154.89,0.19,7.34,257.17,29.11,279.5,301.3,1.59
1769511600,5,1117.13,0.09,8.61,248.09,27.4,269.32,290.36,1.75
1769515200,5,1080.4,0.01,8.94,233.46,25.97,255.91,276.36,2.05
1769518800,5,1048.57,0.0,7.9,217.08,24.29,244.91,265.15,2.07
1769522400,5,1037.2,0.0,7.4,202.82,22.2,238.0,258.66,2.1
1769526000,5,1034.68,0.0,7.03,191.06,19.87,233.67,254.7,1.96
1769529600,5,1021.14,0.0,6.73,180.71,17.95,227.24,248.23,1.77
1769533200,5,1008.83,0.0,6.53,172.71,16.63,220.85,241.47,1.63
1769536800,5,993.14,0.0,6.18,165.05,15.36,215.07,234.82,1.44
1769540400,5,984.43,0.0,5.8,156.56,13.66,209.92,228.96,1.38
1769544000,5,994.72,0.0,5.76,146.91,11.89,208.42,227.35,1.32
1769547600,5,1018.99,0.0,6.1,136.73,10.55,208.36,227.68,1.33
1769551200,5,1060.99,0.0,7.04,124.32,9.51,209.19,229.34,1.53
1769554800,5,1120.9,0.0,8.3,112.66,8.63,212.89,233.39,1.73
1769558400,5,1189.28,0.0,9.68,102.48,8.01,219.03,238.53,1.84
1769648400,5,1261.33,0.0,9.25,103.76,7.48,263.19,284.29,2.31
1769652000,5,1394.73,0.06,12.32,93.99,8.4,275.32,299.44,3.18
1769655600,5,1512.56,0.61,14.75,91.4,9.95,287.35,313.98,3.94
1769659200,5,1493.05,1.13,14.14,110.7,14.86,290.45,316.96,3.7
1769662800,5,1469.99,1.08,12.86,136.22,18.76,297.11,323.35,3.5
1769666400,5,1469.99,0.8,11.34,168.24,21.92,313.45,339.84,3.45
1769670000,5,1378.21,0.52,9.62,201.96,28.84,317.87,343.12,2.9
1769673600,5,1330.0,0.34,8.25,221.36,29.35,326.39,350.84,2.53
1769677200,5,1291.22,0.23,7.99,228.85,29.22,328.46,352.28,2.38
1769680800,5,1262.75,0.14,8.63,225.57,27.32,325.32,348.72,2.15
1769684400,5,1249.0,0.06,9.79,213.24,23.36,318.9,342.03,2.2
1769688000,5,1235.7,0.01,9.99,199.15,19.73,311.3,334.13,2.15
1769691600,5,1213.98,0.0,9.02,185.59,17.26,303.05,325.8,1.94
1769695200,5,1210.82,0.0,8.48,175.43,16.24,298.85,322.09,1.86
1769698800,5,1215.05,0.0,8.01,167.35,15.86,298.57,322.3,1.68
1769702400,5,1207.43,0.0,7.35,161.25,15.55,296.4,320.08,1.49
1769706000,5,1190.31,0.0,6.61,156.42,14.28,291.34,314.22,1.47
1769709600,5,1164.09,0.0,5.77,151.65,12.59,284.72,306.02,1.41
1769713200,5,1133.78,0.0,5.09,147.21,11.12,277.67,297.28,1.36
1769716800,5,1122.35,0.0,4.98,141.15,9.68,274.27,292.93,1.26
1769720400,5,1141.36,0.0,5.54,132.36,8.38,274.74,293.24,1.21
1769724000,5,1204.02,0.0,7.01,118.74,7.13,278.35,297.59,1.29
1769727600,5,1318.29,0.0,9.33,102.82,6.04,286.06,306.87,1.47
1769731200,5,1478.51,0.0,12.72,85.87,5.64,297.42,320.69,1.51
1769734800,5,1634.02,0.0,16.36,71.43,8.23,304.84,331.4,1.33
1769738400,5,1798.72,0.19,22.05,60.29,12.84,312.09,342.15,1.52
1769742000,5,1913.33,1.61,26.26,59.18,19.88,315.64,348.49,1.71
1769745600,5,1658.0,2.25,25.3,85.59,38.95,283.51,313.38,0.95
1769749200,5,1487.13,2.21,23.88,117.34,44.1,263.26,291.21,1.2
1769752800,5,1392.77,1.69,21.18,156.23,45.04,261.02,288.17,1.42
1769756400,5,1321.62,1.11,16.85,198.19,43.79,271.36,297.8,1.35
1769760000,5,1263.79,0.68,12.48,229.94,39.99,285.56,311.29,1.28
1769763600,5,1221.35,0.44,9.9,249.25,37.33,295.45,320.76,1.24
1769767200,5,1192.94,0.29,9.24,256.29,34.83,300.24,325.41,1.21
1769770800,5,1182.99,0.14,9.75,251.3,30.72,301.6,326.49,1.07
1769774400,5,1174.21,0.02,9.43,243.63,27.63,301.18,325.39,0.89
1769778000,5,1149.91,0.0,6.85,233.44,25.12,296.91,320.12,0.72
1769781600,5,1125.64,0.0,5.46,222.44,22.19,290.84,313.43,0.62
1769785200,5,1079.05,0.0,4.64,212.9,19.95,280.5,302.14,0.6
1769788800,5,1021.79,0.0,4.13,202.78,17.58,266.75,287.31,0.57
1769792400,5,980.03,0.0,3.98,192.75,14.81,257.17,276.88,0.48
1769796000,5,948.8,0.0,3.87,183.43,12.28,250.67,269.43,0.3
1769799600,5,934.71,0.0,3.79,174.41,10.23,248.19,266.18,0.24
1769803200,5,947.37,0.0,3.92,165.88,8.98,250.76,268.56,0.51
1769806800,5,988.69,0.0,4.26,157.37,8.35,259.85,277.83,0.69
1769810400,5,1064.66,0.0,4.89,147.36,8.03,274.89,292.35,1.0
1769814000,5,1174.49,0.0,5.8,136.57,7.51,293.72,311.7,1.32
1769817600,5,1305.05,0.0,7.21,124.87,7.22,312.94,333.3,1.42
1769821200,5,1422.12,0.0,8.91,113.68,7.69,321.5,344.5,1.23
1769824800,5,1563.76,0.06,12.51,102.04,8.42,327.14,353.44,1.35
1769828400,5,1694.56,0.67,16.31,96.83,9.82,328.69,358.07,1.67
1769832000,5,1615.2,1.32,16.24,117.44,14.58,307.0,335.72,1.35
1769835600,5,1532.2,1.31,15.0,145.62,17.85,294.3,322.1,1.32
1769839200,5,1464.31,0.92,12.55,183.35,20.3,295.91,322.85,1.27
1769842800,5,1395.38,0.53,9.27,223.11,22.37,312.36,338.07,1.01
1769846400,5,1355.88,0.33,7.0,247.35,22.49,327.4,352.06,0.9
1769850000,5,1316.03,0.23,6.28,259.9,22.19,332.3,356.04,0.76
1769853600,5,1297.25,0.16,6.72,261.72,20.99,333.29,356.42,0.69
1769857200,5,1300.42,0.07,7.88,252.82,18.82,334.37,357.19,0.58
1769860800,5,1305.02,0.01,8.12,240.43,16.45,332.92,355.54,0.6
1769864400,5,1295.5,0.0,6.99,226.73,14.08,328.5,351.04,0.58
1769868000,5,1283.28,0.0,6.56,213.83,12.53,325.91,348.71,0.46
1769871600,5,1276.3,0.0,6.49,200.91,11.37,323.36,346.5,0.52
1769875200,5,1270.69,0.0,6.6,187.7,10.29,320.19,343.61,0.69
1769878800,5,1284.0,0.0,6.89,175.66,9.23,319.93,343.77,0.83
1769882400,5,1311.75,0.0,7.22,162.98,8.17,320.06,344.18,0.81
1769886000,5,1334.25,0.0,7.42,150.25,7.28,318.07,342.24,0.75
1769889600,5,1367.62,0.0,7.71,139.03,6.57,316.74,341.07,0.72
1769893200,5,1400.05,0.0,8.16,128.15,6.11,314.34,338.98,0.72
1769896800,5,1440.42,0.0,9.05,116.61,5.82,311.56,336.64,0.74
1769900400,5,1482.05,0.0,10.34,105.96,5.62,308.54,334.07,0.77
1769904000,5,1520.4,0.0,12.05,97.26,5.6,305.4,330.44,0.72
1769907600,5,1524.5,0.0,13.46,91.96,6.09,296.68,321.42,0.92
1769911200,5,1537.81,0.14,15.33,88.32,6.81,289.25,314.98,1.14
1769914800,5,1540.47,1.07,15.83,93.91,8.26,285.69,311.78,1.09
1769918400,5,1240.86,0.99,12.1,138.13,16.04,255.11,276.05,0.2
1769922000,5,1125.88,0.82,10.17,171.39,18.76,245.57,265.14,0.0
1769925600,5,1067.83,0.58,8.04,202.78,20.19,247.53,266.66,0.0
1769929200,5,1048.27,0.38,6.17,232.33,21.67,259.54,278.79,0.0
1769932800,5,1027.05,0.25,4.98,250.36,21.58,268.66,287.98,0.0
1769936400,5,998.95,0.19,4.75,258.81,21.07,269.8,288.97,0.08
1769940000,5,976.78,0.13,5.28,259.56,20.4,268.01,287.03,0.35
1769943600,5,970.72,0.05,6.29,253.6,19.93,267.02,286.1,0.58
1769947200,5,972.78,0.01,6.61,246.36,19.58,268.47,287.83,0.64
1769950800,5,979.1,0.0,5.66,237.29,18.84,270.71,290.64,0.73
1769954400,5,994.13,0.0,5.12,228.27,17.72,275.19,296.15,1.0
1769958000,5,1013.99,0.0,4.81,218.93,16.21,281.85,303.8,1.07
1769961600,5,1030.19,0.0,4.62,208.56,14.5,286.26,309.0,1.12
1769965200,5,1054.26,0.0,4.67,196.82,12.78,290.04,313.76,1.41
1769968800,5,1087.52,0.0,4.85,182.27,11.05,292.71,317.4,1.65
1769972400,5,1122.09,0.0,5.1,165.49,9.46,293.36,319.04,1.89
1769976000,5,1161.12,0.0,5.41,149.39,8.19,295.16,321.93,2.03
1769979600,5,1198.98,0.0,5.87,134.3,7.29,296.57,324.48,2.07
1769983200,5,1243.35,0.0,6.65,118.61,6.71,297.09,326.11,2.04
1769986800,5,1296.22,0.0,7.82,102.87,6.33,298.44,328.2,1.83
1769990400,5,1342.44,0.0,9.04,90.26,6.44,299.42,329.23,1.48
1769994000,5,1321.83,0.0,9.42,90.21,9.08,292.64,320.98,0.68
1769997600,5,1342.52,0.06,11.3,85.92,10.5,291.92,320.72,0.74
1770001200,5,1336.33,0.5,12.82,90.85,13.16,290.23,319.12,0.82
1770004800,5,1176.65,0.88,12.64,122.39,21.3,274.59,300.12,0.45
1770008400,5,1127.17,0.95,12.04,150.85,24.05,275.2,300.32,0.71
1770012000,5,1112.09,0.74,10.1,185.18,25.29,284.6,310.0,1.14
1770015600,5,1062.79,0.45,7.08,219.27,25.06,291.48,315.94,1.33
1770019200,5,1018.81,0.29,5.34,240.95,24.83,294.47,318.21,1.49
1770022800,5,993.34,0.22,5.01,254.01,25.03,296.33,319.75,1.57
1770026400,5,978.45,0.27,5.01,265.87,24.58,300.08,323.25,1.58
1770030000,5,976.7,0.21,5.93,268.34,23.32,302.85,326.04,1.69
1770033600,5,985.7,0.08,7.33,261.85,22.19,303.28,326.66,1.88
1770037200,5,993.43,0.0,6.65,248.66,21.04,301.94,325.88,2.25
1770040800,5,1003.49,0.0,5.93,234.2,19.7,300.23,325.16,2.61
1770044400,5,1015.73,0.0,5.72,219.5,17.82,299.43,325.42,2.64
1770048000,5,1034.39,0.0,5.72,205.37,15.71,297.57,324.55,2.76
1770051600,5,1066.94,0.0,5.98,192.33,14.42,299.31,327.45,2.99
1770055200,5,1107.01,0.0,6.31,178.43,13.62,299.75,328.85,3.3
1770058800,5,1144.36,0.0,6.61,163.48,12.73,300.16,330.1,3.3
1770062400,5,1200.69,0.0,7.19,147.79,11.45,303.03,334.55,3.3
1770066000,5,1265.83,0.0,8.22,131.44,10.3,305.79,339.3,3.19
1770069600,5,1341.46,0.0,9.87,114.34,9.68,307.63,343.36,2.98
1770073200,5,1425.96,0.0,11.96,97.62,9.63,310.77,348.21,2.72
1770076800,5,1492.8,0.0,13.95,83.58,10.15,311.89,349.48,2.21
1770080400,5,1491.64,0.01,15.05,76.44,12.58,305.41,340.36,1.34
1770084000,5,1487.78,0.59,16.62,74.46,14.2,300.09,333.84,1.22
1770087600,5,1468.67,1.31,17.13,83.84,16.16,297.4,330.07,1.2
1770091200,5,1245.9,1.32,15.75,122.01,23.97,277.76,305.31,0.55
1770094800,5,1157.67,1.12,13.28,163.64,26.98,279.46,305.42,0.48
1770098400,5,1118.8,0.7,9.78,207.72,28.19,292.94,318.41,0.72
1770102000,5,1094.23,0.42,6.93,246.11,29.17,311.18,336.61,0.86
1770105600,5,1069.66,0.28,5.39,266.86,28.28,321.97,347.34,0.91
1770109200,5,1048.0,0.21,5.13,277.63,27.51,326.61,351.86,1.04
1770112800,5,1037.23,0.16,5.72,280.93,26.67,328.02,353.16,1.32
1770116400,5,1034.9,0.09,6.95,275.14,25.2,327.48,352.49,1.57
1770120000,5,1038.55,0.01,7.55,264.64,23.81,325.48,350.41,1.92
1770123600,5,1039.0,0.0,6.45,249.54,21.92,322.16,347.11,2.14
1770127200,5,1042.94,0.0,5.77,235.33,19.67,318.72,343.91,2.32
1770130800,5,1043.53,0.0,5.38,222.74,18.03,314.54,339.81,2.6
1770134400,5,1040.09,0.0,5.17,211.37,16.97,309.17,334.41,2.73
1770138000,5,1059.02,0.0,5.3,199.53,15.64,308.19,334.17,3.0
1770141600,5,1084.7,0.0,5.27,188.34,14.65,308.42,335.05,2.91
1770145200,5,1108.61,0.0,5.09,178.08,13.9,308.01,335.23,2.72
1770148800,5,1151.17,0.0,5.17,165.93,12.7,309.46,337.96,2.58
1770152400,5,1208.22,0.0,5.69,151.34,11.34,311.05,341.24,2.5
1770156000,5,1288.1,0.0,6.83,133.8,10.23,314.89,347.15,2.36
1770159600,5,1387.62,0.0,8.38,116.44,9.81,322.97,357.25,2.09
1770163200,5,1476.81,0.0,9.83,102.9,10.59,331.83,366.96,1.6
1770166800,5,1503.09,0.0,10.71,98.24,14.0,335.05,368.91,0.94
1770170400,5,1516.81,0.07,12.53,94.17,16.78,336.29,369.11,0.89
1770174000,5,1477.84,0.59,13.81,101.69,21.59,0.0,0.0,0.91
1770177600,5,1223.8,0.84,12.64,138.23,34.75,296.84,323.01,0.61
1770181200,5,1115.72,0.84,11.05,169.58,38.28,282.95,307.79,1.0
1770184800,5,1081.41,0.63,8.92,204.65,39.55,285.31,310.26,1.66
1770188400,5,1004.32,0.38,5.95,230.92,36.7,278.05,301.65,2.17
1770192000,5,937.22,0.27,4.57,242.1,33.14,266.98,289.16,2.52
1770195600,5,898.17,0.22,4.45,249.17,31.35,258.97,280.27,2.98
1770199200,5,885.95,0.19,5.11,250.51,29.15,0.0,0.0,3.39
1770202800,5,896.45,0.11,6.48,244.19,26.95,258.1,279.46,3.93
1770206400,5,921.03,0.01,7.45,235.71,26.1,262.35,284.33,4.39
1770210000,5,940.39,0.0,6.61,225.99,25.4,267.45,290.18,4.26
1770213600,5,950.69,0.0,5.92,214.92,23.49,267.05,290.43,4.08
1770217200,5,952.17,0.0,5.46,203.73,20.56,261.76,285.29,3.83
1770220800,5,951.16,0.0,5.25,193.37,17.59,253.55,276.96,3.61
1770224400,5,965.36,0.0,5.22,184.07,15.5,250.97,274.58,3.74
1770228000,5,982.19,0.0,4.94,175.28,13.79,251.2,274.5,3.78
1770231600,5,997.52,0.0,4.53,167.24,12.23,253.27,276.08,3.57
1770235200,5,1022.18,0.0,4.48,156.48,10.56,254.64,277.66,3.34
1770238800,5,1063.29,0.0,5.0,141.95,9.06,252.93,277.2,3.21
1770242400,5,1116.63,0.0,6.25,122.17,7.85,246.36,272.69,3.33
1770246000,5,1184.32,0.0,8.05,103.18,7.38,239.2,267.87,3.7
1770249600,5,1250.21,0.0,10.23,86.99,8.11,231.4,261.71,4.05
1770253200,5,1289.23,0.0,12.56,75.11,11.32,222.06,252.32,4.31
1770256800,5,1328.51,0.23,15.46,66.06,15.22,215.8,245.94,4.73
1770260400,5,1350.14,1.46,16.43,69.88,20.74,212.76,242.72,5.15
1770264000,5,1199.54,1.68,15.55,102.96,37.24,203.65,230.03,4.57
1770267600,5,1143.46,1.4,13.95,143.05,42.07,207.71,233.44,4.74
1770271200,5,1112.6,0.88,10.89,190.99,43.4,222.52,248.37,4.95
1770274800,5,900.99,0.46,6.09,210.21,36.99,191.88,213.29,4.79
1770278400,5,792.62,0.29,4.12,216.75,29.54,176.53,195.75,4.6
1770282000,5,732.55,0.23,3.8,218.79,25.7,166.36,184.3,4.61
1770285600,5,706.35,0.2,4.36,219.09,24.14,161.37,178.75,4.72
1770289200,5,712.66,0.12,5.71,215.52,23.92,161.33,178.95,5.12
1770292800,5,742.03,0.02,6.83,211.33,24.59,166.24,184.59,5.46
1770296400,5,773.76,0.0,6.38,207.35,25.27,172.32,191.68,5.52
1770300000,5,798.14,0.0,5.8,203.26,24.56,176.57,196.9,5.04
1770303600,5,814.74,0.0,5.19,199.4,22.92,179.17,199.89,4.46
1770307200,5,818.62,0.0,4.52,193.3,19.97,180.04,200.29,3.72
1770310800,5,817.89,0.0,3.99,187.1,16.89,180.4,200.0,3.18
1770314400,5,812.36,0.0,3.45,180.64,14.12,179.9,198.33,2.64
1770318000,5,808.01,0.0,3.02,173.76,11.81,180.06,197.42,2.16
1770321600,5,820.19,0.0,2.95,164.64,9.93,180.28,197.55,2.11
1770325200,5,855.73,0.0,3.34,151.06,8.65,179.17,197.52,2.4
1770328800,5,907.29,0.0,4.39,133.65,8.52,176.18,196.12,2.89
1770332400,5,975.32,0.0,6.01,115.31,9.27,173.95,195.44,3.45
1770336000,5,1032.84,0.0,8.05,99.95,12.29,172.21,194.52,3.91
1770339600,5,1022.31,0.0,10.54,92.46,21.39,164.33,186.33,4.18
1770343200,5,1015.27,0.13,14.64,84.34,30.05,158.03,180.41,4.66
1770346800,5,1004.86,1.13,17.59,83.1,36.03,151.73,174.81,5.46
1770350400,5,935.78,1.99,17.76,98.23,39.9,143.29,166.01,5.78
1770354000,5,863.09,1.9,16.1,127.27,40.78,141.58,163.88,5.78
1770357600,5,812.15,1.32,13.03,164.96,40.93,150.39,172.7,5.78
1770361200,5,693.25,0.63,7.41,192.96,35.52,145.9,165.74,5.33
1770364800,5,636.83,0.34,4.68,209.06,31.39,146.54,165.26,5.22
1770368400,5,609.6,0.24,4.03,217.46,29.38,146.02,164.11,5.35
1770372000,5,602.17,0.19,4.45,221.27,28.01,146.18,163.99,5.53
1770375600,5,614.97,0.11,5.65,218.53,27.18,147.51,165.48,5.92
1770379200,5,640.39,0.01,6.58,212.26,27.03,150.02,168.48,6.26
1770382800,5,669.52,0.0,6.12,204.46,26.51,153.74,173.11,6.14
1770386400,5,694.77,0.0,5.63,197.55,25.23,157.4,177.94,5.64
1770390000,5,704.57,0.0,5.04,191.59,23.28,159.12,180.2,4.94
1770393600,5,703.76,0.0,4.49,185.72,21.05,158.28,179.32,4.45
1770397200,5,707.39,0.0,4.18,179.76,18.86,158.4,179.37,4.11
1770400800,5,706.47,0.0,3.8,172.49,16.55,158.63,178.97,3.67
1770404400,5,708.15,0.0,3.36,163.75,13.74,158.86,178.44,3.1
1770408000,5,724.43,0.0,3.24,154.28,11.43,160.06,179.51,2.8
1770411600,5,757.21,0.0,3.53,143.05,9.85,161.49,181.33,2.76
1770415200,5,791.47,0.0,4.08,130.33,9.14,160.87,180.92,2.88
1770418800,5,834.63,0.0,4.97,117.22,8.94,161.25,181.36,3.08
1770422400,5,881.12,0.0,6.33,104.1,10.29,163.13,183.23,3.29
1770426000,5,910.43,0.0,8.27,92.78,17.13,163.34,183.24,3.34
1770429600,5,935.95,0.2,11.39,83.24,27.18,160.71,180.94,3.59
1770433200,5,928.1,1.37,13.08,83.5,39.78,153.09,173.41,3.8
1770436800,5,867.13,2.04,13.26,99.8,50.38,141.51,161.07,3.7
1770440400,5,818.11,1.8,11.87,124.94,50.38,138.93,157.98,3.82
1770444000,5,776.11,1.18,9.35,156.05,48.2,143.92,162.5,3.9
1770447600,5,604.46,0.53,5.2,185.11,41.98,120.17,134.82,3.26
1770451200,5,511.61,0.27,3.11,197.59,33.88,104.63,117.04,3.35
1770454800,5,472.55,0.19,2.6,202.77,28.93,97.25,108.69,3.52
1770458400,5,459.88,0.17,2.86,205.01,25.67,94.09,105.29,3.84
1770462000,5,465.86,0.12,3.74,201.02,23.38,93.47,105.01,4.33
1770465600,5,481.56,0.02,4.69,194.44,22.18,94.29,106.45,4.71
1770469200,5,502.04,0.0,4.64,188.39,21.6,95.94,108.96,5.04
1770472800,5,524.37,0.0,4.53,183.11,21.14,98.68,112.66,5.16
1770476400,5,548.0,0.0,4.46,177.86,20.72,101.42,116.25,5.19
1770480000,5,565.2,0.0,4.38,171.42,19.81,102.84,118.32,5.08
1770483600,5,581.77,0.0,4.27,165.3,18.34,104.36,120.4,4.92
1770487200,5,588.08,0.0,3.88,159.68,16.85,105.49,121.45,4.5
1770490800,5,587.53,0.0,3.37,154.55,15.35,106.74,122.24,3.93
1770494400,5,597.84,0.0,3.1,148.61,13.51,108.83,124.25,3.68
1770498000,5,627.54,0.0,3.26,140.12,11.84,112.68,128.74,3.75
1770501600,5,677.02,0.0,3.87,128.15,10.72,117.16,134.43,4.13
1770505200,5,737.88,0.0,4.71,115.02,10.01,122.8,141.32,4.33
1770508800,5,792.49,0.0,5.67,103.21,10.59,129.17,148.6,4.24
1770512400,5,837.8,0.0,6.95,93.39,13.86,134.33,154.63,4.29
1770516000,5,880.08,0.15,8.82,85.73,18.44,138.83,160.3,4.67
1770519600,5,901.57,0.93,9.51,87.37,24.89,142.71,165.21,4.99
1770523200,5,856.28,1.25,9.24,106.99,36.03,144.03,166.5,4.69
1770526800,5,836.68,1.07,8.25,132.48,40.31,149.97,173.4,4.65
1770530400,5,808.85,0.7,6.44,163.09,42.15,159.26,183.52,4.72
1770534000,5,603.22,0.34,3.57,178.86,34.72,126.03,152.13,4.47
1770537600,5,496.33,0.2,2.28,181.81,26.38,106.51,133.77,4.52
1770541200,5,457.01,0.16,2.07,183.21,22.37,98.92,126.49,4.69
1770544800,5,445.08,0.14,2.44,183.29,20.02,96.19,123.86,4.91
1770548400,5,448.81,0.11,3.34,178.58,18.29,94.97,122.57,5.34
1770552000,5,455.74,0.02,4.29,170.66,17.15,93.92,121.85,5.72
1770555600,5,466.29,0.0,4.41,162.52,16.24,93.19,121.7,6.12
1770559200,5,478.81,0.0,4.3,156.5,14.92,93.31,122.44,6.07
1770562800,5,486.24,0.0,3.96,151.59,13.59,92.98,122.14,5.74
1770566400,5,491.32,0.0,3.66,146.4,12.17,92.59,121.32,5.37
1770570000,5,503.47,0.0,3.58,140.81,10.72,92.5,120.91,5.17
1770573600,5,509.65,0.0,3.36,135.37,9.51,92.59,120.31,4.83
1770577200,5,520.17,0.0,3.21,129.67,8.64,93.42,120.56,4.57
1770580800,5,551.13,0.0,3.45,121.72,7.88,96.27,123.67,4.6
1770584400,5,612.5,0.0,4.29,110.7,7.39,102.3,131.18,5.12
1770588000,5,688.92,0.0,5.49,97.92,7.75,110.24,141.13,5.89
1770591600,5,772.27,0.0,6.99,85.48,8.15,118.61,150.76,6.35
1770595200,5,848.65,0.0,8.6,75.43,9.13,126.57,160.18,6.68
1770598800,5,907.94,0.0,10.29,71.39,12.84,135.2,170.87,6.71
1770602400,5,965.19,0.24,12.53,68.97,15.44,143.01,180.64,6.88
1770606000,5,1012.55,1.3,12.78,75.41,17.57,151.03,190.48,7.22
1770609600,5,970.98,1.52,11.21,102.68,21.66,158.71,197.13,6.95
1770613200,5,951.39,1.06,9.06,139.85,24.26,175.16,213.25,6.47
1770616800,5,943.98,0.56,6.38,181.79,27.04,199.47,237.57,6.08
1770620400,5,796.86,0.3,4.11,210.45,30.52,193.52,228.05,5.15
1770624000,5,745.75,0.22,3.29,220.45,28.47,191.28,224.25,5.3
1770627600,5,724.64,0.19,3.31,225.88,27.22,190.69,222.88,5.7
1770631200,5,715.77,0.16,3.87,229.4,26.97,189.97,221.78,6.19
1770634800,5,712.06,0.1,4.92,226.61,26.48,188.13,219.7,6.45
1770638400,5,707.05,0.01,5.69,218.87,25.75,184.6,216.02,6.45
1770642000,5,700.26,0.0,5.22,208.64,23.94,181.29,212.76,6.14
1770645600,5,690.47,0.0,4.62,198.33,20.8,176.81,208.4,5.42
1770649200,5,668.48,0.0,3.86,189.99,17.86,171.14,201.9,4.37
1770652800,5,637.52,0.0,3.17,182.68,15.59,163.57,192.85,3.69
1770656400,5,617.68,0.0,2.83,175.9,13.33,157.89,185.92,3.27
1770660000,5,596.05,0.0,2.47,169.84,11.32,152.1,178.67,2.87
1770663600,5,575.59,0.0,2.16,163.86,9.67,146.99,172.28,2.57
1770667200,5,566.58,0.0,2.01,157.49,8.35,142.82,167.39,2.45
1770670800,5,569.76,0.0,2.03,149.47,7.43,140.11,164.42,2.52
1770674400,5,595.06,0.0,2.31,139.15,7.31,139.09,163.8,2.81
1770678000,5,642.8,0.0,2.96,126.2,7.04,141.04,166.91,3.19
1770681600,5,714.32,0.0,4.15,111.58,7.02,145.28,172.92,3.66
1770685200,5,799.67,0.0,6.2,96.99,7.85,149.02,179.24,4.34
1770688800,5,903.14,0.13,9.25,85.24,9.82,153.58,186.97,5.32
1770692400,5,997.29,1.12,10.99,81.87,13.64,159.56,195.31,6.44
1770696000,5,1027.05,1.73,11.41,96.18,21.79,168.33,204.07,7.08
1770699600,5,1047.44,1.34,10.5,126.04,26.61,185.1,221.02,7.26
1770703200,5,1047.33,0.73,7.96,167.83,30.46,209.77,245.32,7.22
1770706800,5,1039.13,0.4,5.61,206.23,32.92,233.76,268.66,7.51
1770710400,5,1010.98,0.27,4.33,227.08,31.86,244.78,278.77,7.79
1770714000,5,971.96,0.21,4.09,237.37,31.48,245.49,278.52,7.82
1770717600,5,934.86,0.17,4.46,240.17,30.73,241.25,273.32,7.72
1770721200,5,907.04,0.1,5.25,233.04,28.82,234.72,265.89,7.57
1770724800,5,884.07,0.01,5.57,222.49,27.11,228.71,259.19,6.84
1770728400,5,855.12,0.0,4.56,211.1,24.74,221.1,250.94,5.37
1770732000,5,829.27,0.0,3.85,201.91,22.61,214.04,243.56,4.16
1770735600,5,800.13,0.0,3.31,193.1,20.41,205.55,234.31,3.26
1770739200,5,770.71,0.0,3.08,182.77,17.83,195.41,223.21,2.83
1770742800,5,762.1,0.0,3.14,172.9,15.15,189.65,216.9,2.62
1770746400,5,759.59,0.0,3.12,163.13,12.77,185.9,212.44,2.57
1770750000,5,763.76,0.0,3.05,153.0,10.94,183.1,209.14,2.66
1770753600,5,776.92,0.0,3.06,144.3,9.78,182.28,208.33,2.91
1770757200,5,802.84,0.0,3.23,135.59,9.16,183.37,209.89,3.32
1770760800,5,844.02,0.0,3.65,125.42,8.9,186.13,213.58,3.97
1770764400,5,899.97,0.0,4.29,114.66,8.53,191.0,219.75,4.36
1770768000,5,955.05,0.0,5.16,104.79,8.42,195.94,226.05,4.48
1770771600,5,1007.87,0.0,6.57,96.07,8.82,198.48,230.27,4.62
1770775200,5,1067.7,0.1,8.65,88.94,9.56,200.3,233.86,5.19
1770778800,5,1108.82,0.71,9.51,90.71,11.32,202.01,236.56,5.82
1770782400,5,1071.52,0.95,8.81,113.88,18.49,203.26,236.57,5.69
1770786000,5,1059.83,0.75,7.66,145.82,23.64,213.93,247.07,6.07
1770789600,5,1066.84,0.46,5.81,182.94,27.04,233.81,267.03,6.67
1770793200,5,1034.69,0.31,4.58,214.05,30.57,246.54,278.86,6.93
1770796800,5,999.54,0.23,3.88,228.34,29.46,253.17,284.47,6.89
1770800400,5,964.0,0.19,3.81,234.43,28.47,253.7,284.1,6.62
1770804000,5,931.36,0.15,4.17,232.98,26.85,250.73,280.28,5.93
1770807600,5,889.35,0.08,4.7,224.36,23.9,240.29,268.51,5.0
1770811200,5,822.98,0.01,4.54,215.32,22.03,222.72,248.87,3.85
1770814800,5,753.03,0.0,3.51,206.65,20.36,202.83,226.91,3.08
1770818400,5,715.04,0.0,3.17,197.48,18.16,189.56,212.76,2.8
1770822000,5,688.21,0.0,2.96,189.82,16.91,179.64,202.36,2.51
1770825600,5,664.53,0.0,2.79,183.46,16.28,171.14,193.42,2.28
1770829200,5,644.41,0.0,2.63,177.59,15.52,165.14,186.86,2.1
1770832800,5,626.43,0.0,2.39,172.03,14.23,160.66,181.46,1.95
1770836400,5,615.76,0.0,2.19,166.38,12.61,157.98,177.98,1.84
1770840000,5,616.68,0.0,2.09,160.63,11.07,158.48,178.12,1.71
1770843600,5,632.71,0.0,2.1,153.58,9.73,161.28,180.98,1.74
1770847200,5,667.21,0.0,2.23,144.31,8.63,166.61,186.73,1.87
1770850800,5,717.8,0.0,2.46,134.63,7.66,174.68,195.66,1.96
1770854400,5,776.57,0.0,2.86,125.37,7.13,182.95,205.07,2.1
1770858000,5,836.29,0.0,3.77,116.97,7.75,188.37,212.3,2.46
1770861600,5,904.65,0.04,5.6,109.11,9.3,193.25,219.72,3.26
1770865200,5,967.45,0.36,7.2,106.47,12.4,197.98,226.7,4.25
1770868800,5,996.94,0.72,7.54,117.81,18.61,202.46,232.35,5.02
1770872400,5,1007.22,0.67,6.77,140.78,24.53,209.87,240.08,5.3
1770876000,5,1013.11,0.45,5.35,170.73,28.85,223.89,254.04,5.37
1770879600,5,974.49,0.3,4.29,198.67,32.59,231.08,260.06,5.32
1770883200,5,902.06,0.23,3.68,211.88,30.89,226.74,254.05,5.31
1770886800,5,841.97,0.19,3.64,218.02,28.72,219.16,245.1,5.32
1770890400,5,798.43,0.16,4.14,218.93,27.1,212.08,237.08,5.11
1770894000,5,772.21,0.09,5.28,213.14,25.83,204.19,228.55,5.34
1770897600,5,762.1,0.01,6.32,204.55,25.39,198.09,222.27,5.55
1770901200,5,759.18,0.0,6.17,195.05,25.15,194.15,218.75,5.72
1770904800,5,773.22,0.0,6.17,185.05,24.89,191.86,217.56,6.26
1770908400,5,793.0,0.0,6.28,173.65,24.53,189.69,216.63,6.91
1770912000,5,810.55,0.0,6.35,162.26,23.24,186.25,214.22,6.97
1770915600,5,829.2,0.0,6.48,152.81,21.54,183.45,212.2,6.73
1770919200,5,846.68,0.0,6.6,144.18,19.62,181.23,210.22,6.46
1770922800,5,869.13,0.0,6.78,134.98,17.45,179.72,209.04,6.37
1770926400,5,907.6,0.0,7.39,123.61,15.04,178.59,208.81,6.35
1770930000,5,951.94,0.0,8.52,109.7,13.02,175.79,206.95,6.35
1770933600,5,984.1,0.0,9.98,94.39,11.94,170.32,201.5,6.3
1770937200,5,1018.68,0.0,11.69,80.91,12.24,166.87,197.84,6.18
1770940800,5,1046.61,0.0,13.54,69.22,14.01,163.03,193.88,6.23
1770944400,5,1046.61,0.01,15.69,60.22,18.56,156.53,187.36,6.47
1770948000,5,1031.64,0.94,17.59,58.18,24.3,149.34,180.61,6.87
1770951600,5,975.08,2.71,16.41,72.17,32.5,144.32,175.51,6.66
1770955200,5,862.66,2.36,15.53,100.35,42.11,140.45,170.43,5.59
1770958800,5,810.2,1.78,13.07,134.44,43.36,147.74,177.26,5.18
1770962400,5,793.36,1.02,9.53,175.63,42.08,166.95,196.65,5.11
1770966000,5,692.97,0.47,5.44,200.4,36.49,163.59,190.84,5.11
1770969600,5,633.43,0.28,3.79,212.51,32.36,159.37,184.64,5.29
1770973200,5,597.79,0.22,3.5,218.88,30.02,155.43,179.43,5.41
1770976800,5,577.81,0.19,3.9,221.21,28.32,151.97,175.19,5.44
1770980400,5,565.46,0.13,4.76,216.87,26.48,148.42,171.04,5.22
1770984000,5,550.12,0.02,5.33,207.69,24.03,143.21,165.25,4.83
1770987600,5,544.04,0.0,4.9,196.45,19.95,138.64,160.46,4.27
1770991200,5,555.66,0.0,4.76,184.89,16.42,137.45,159.92,4.0
1770994800,5,565.64,0.0,4.59,174.77,13.96,136.33,159.24,3.89
1770998400,5,569.78,0.0,4.34,165.83,12.22,134.8,157.71,3.85
1771002000,5,574.39,0.0,4.15,158.25,10.69,134.48,157.12,3.56
1771005600,5,578.87,0.0,3.87,151.03,9.33,133.46,155.34,3.35
1771009200,5,580.21,0.0,3.49,144.1,8.42,132.63,153.56,3.0
1771012800,5,591.18,0.0,3.28,137.05,7.53,133.63,154.19,2.72
1771016400,5,614.25,0.0,3.38,128.91,6.96,135.77,156.62,2.6
1771020000,5,649.6,0.0,3.81,118.1,6.47,137.6,159.15,2.74
1771023600,5,701.38,0.0,4.63,106.4,6.04,141.23,163.96,3.17
1771027200,5,758.01,0.0,5.67,95.81,6.0,145.78,170.05,3.74
1771030800,5,823.73,0.0,7.18,86.67,6.69,150.42,176.84,4.64
1771034400,5,900.24,0.13,9.3,79.4,7.86,156.31,185.16,5.67
1771038000,5,965.95,0.87,10.15,80.34,9.96,163.54,194.09,6.61
1771041600,5,896.19,1.1,9.27,105.44,19.43,166.66,195.17,5.96
1771045200,5,883.42,0.8,7.49,138.13,22.83,179.38,207.48,5.9
1771048800,5,868.32,0.44,5.13,174.63,24.86,197.28,224.67,5.79
1771052400,5,859.22,0.27,3.64,202.74,25.11,215.31,241.98,5.87
1771056000,5,849.52,0.21,3.02,218.22,23.45,227.8,253.74,5.91
1771059600,5,827.64,0.19,2.89,226.18,21.84,232.55,257.7,5.77
1771063200,5,799.6,0.18,3.01,227.63,19.73,232.8,257.1,5.09
1771066800,5,754.18,0.15,3.29,220.58,16.65,223.91,246.72,3.9
1771070400,5,691.12,0.06,3.45,208.99,14.17,206.94,227.85,2.63
1771074000,5,624.1,0.0,2.76,196.51,12.29,187.55,206.75,1.67
1771077600,5,579.41,0.0,2.31,185.92,10.34,173.25,191.59,1.33
1771081200,5,543.35,0.0,2.03,177.62,8.89,161.81,179.6,1.1
1771084800,5,512.14,0.0,1.84,170.59,7.73,152.71,170.08,0.83
1771088400,5,487.36,0.0,1.69,165.32,6.74,146.5,163.52,0.52
1771092000,5,466.97,0.0,1.49,160.2,5.77,141.77,158.38,0.32
1771095600,5,450.07,0.0,1.31,154.78,4.87,137.66,153.96,0.22
1771099200,5,439.64,0.0,1.19,149.17,4.06,134.95,151.11,0.23
1771102800,5,436.35,0.0,1.13,144.07,3.48,133.86,150.13,0.26
1771106400,5,443.65,0.0,1.21,138.05,3.01,135.09,151.35,0.41
1771110000,5,464.82,0.0,1.43,130.02,2.58,139.25,155.53,0.72
1771113600,5,495.75,0.0,1.77,121.44,2.33,145.43,162.06,1.03
1771203600,5,681.5,0.0,4.77,80.35,2.09,164.61,181.73,2.97
1771207200,5,749.12,0.16,6.35,76.3,2.97,169.61,189.79,3.68
1771210800,5,815.83,0.68,7.24,78.89,4.13,175.56,198.35,4.3
1771214400,5,838.11,0.91,6.94,100.45,7.26,182.7,206.63,4.14
1771218000,5,870.29,0.68,6.04,129.42,10.69,196.14,221.15,4.11
1771221600,5,898.9,0.43,4.85,164.94,14.47,214.46,240.32,4.35
1771225200,5,829.09,0.3,4.05,197.55,21.88,216.37,240.96,3.8
1771228800,5,762.68,0.22,3.32,211.88,21.98,210.0,233.45,3.76
1771232400,5,714.93,0.19,3.28,219.68,21.27,203.45,226.03,3.88
1771236000,5,685.92,0.16,3.82,221.28,19.82,198.35,220.35,4.11
1771239600,5,677.91,0.11,4.97,215.19,18.35,195.27,217.22,4.68
1771243200,5,682.45,0.02,6.09,206.4,17.78,194.06,216.34,5.26
1771246800,5,691.75,0.0,5.91,197.3,17.61,195.45,218.52,5.46
1771250400,5,707.98,0.0,5.77,188.14,17.33,196.75,221.08,5.77
1771254000,5,729.96,0.0,5.76,178.85,16.95,197.71,223.26,6.03
1771257600,5,745.38,0.0,5.81,169.85,16.61,196.47,222.74,6.11
1771261200,5,766.49,0.0,6.01,161.24,16.19,195.15,221.99,6.22
1771264800,5,792.42,0.0,6.16,151.9,15.32,193.49,220.56,6.09
1771268400,5,816.96,0.0,6.17,142.13,14.14,191.73,218.91,5.76
1771272000,5,851.24,0.0,6.28,133.06,13.27,192.29,220.1,5.65
1771275600,5,895.51,0.0,6.62,123.3,12.56,193.36,222.34,5.78
1771279200,5,954.71,0.0,7.41,111.04,11.77,194.83,225.56,5.88
1771282800,5,1033.6,0.0,8.74,97.64,10.85,197.16,230.25,5.63
1771286400,5,1117.54,0.0,10.57,85.49,10.86,198.4,233.91,5.24
1771290000,5,1185.41,0.0,13.07,77.15,13.43,195.77,233.33,4.97
1771293600,5,1257.13,0.34,15.85,70.86,16.71,195.4,234.95,5.35
1771297200,5,1287.0,1.55,15.89,79.15,22.86,198.26,237.92,5.72
1771300800,5,1094.44,1.38,13.91,119.98,41.31,196.45,229.55,4.63
1771304400,5,1001.24,1.02,11.5,162.56,48.57,204.34,234.58,4.3
1771308000,5,960.26,0.64,8.57,205.36,51.67,219.91,248.98,4.52
1771311600,5,820.5,0.33,4.96,229.66,48.08,208.68,234.45,4.4
1771315200,5,686.06,0.22,3.45,235.78,43.29,185.82,208.67,4.35
1771318800,5,611.18,0.17,3.15,235.82,38.56,167.84,189.04,4.76
1771322400,5,575.74,0.15,3.54,234.46,34.65,157.55,177.86,4.92
1771326000,5,565.8,0.1,4.54,227.77,31.07,152.18,172.09,4.96
1771329600,5,566.2,0.02,5.56,217.64,28.25,147.57,167.41,5.18
1771333200,5,576.17,0.0,5.53,205.42,25.69,142.77,162.97,5.66
1771336800,5,597.68,0.0,5.85,191.88,23.33,138.27,159.51,6.35
1771340400,5,628.26,0.0,6.38,177.58,21.47,133.75,156.32,7.12
1771344000,5,664.82,0.0,7.02,162.47,19.95,130.38,154.46,7.71
1771347600,5,724.89,0.0,7.91,148.06,18.99,132.06,158.01,8.1
1771351200,5,795.07,0.0,8.74,134.33,18.91,137.49,164.96,8.16
1771354800,5,858.29,0.0,9.2,123.41,19.51,146.53,175.02,7.92
1771358400,5,913.14,0.0,9.23,115.56,19.49,158.03,187.29,7.47
1771362000,5,955.53,0.0,8.9,109.51,18.8,168.98,198.68,6.74
1771365600,5,986.32,0.0,8.53,102.99,17.49,177.35,207.26,5.89
1771369200,5,1028.46,0.0,8.65,95.46,15.8,184.38,214.83,5.41
1771372800,5,1079.6,0.0,9.3,87.14,14.34,190.7,221.71,5.04
1771376400,5,1135.87,0.0,10.63,78.32,13.67,194.54,226.34,5.02
1771380000,5,1211.19,0.24,13.06,70.95,13.89,198.71,232.28,5.8
1771383600,5,1277.01,1.29,13.84,75.98,16.27,205.85,240.82,6.75
1771387200,5,1161.67,1.4,12.9,111.28,30.57,207.37,239.47,6.74
1771390800,5,1147.97,1.04,11.29,153.31,36.04,224.39,256.3,7.23
1771394400,5,1136.72,0.61,8.49,202.59,40.09,249.49,281.08,7.64
1771398000,5,1093.77,0.37,6.07,241.38,41.12,264.36,294.76,8.03
1771401600,5,1043.09,0.25,4.86,261.47,39.71,270.74,299.52,7.98
1771405200,5,993.72,0.2,4.74,270.73,38.85,269.3,296.58,7.8
1771408800,5,953.6,0.16,5.31,272.69,38.22,264.27,290.41,7.65
1771412400,5,932.73,0.09,6.37,266.56,36.83,259.28,284.67,7.59
1771416000,5,922.94,0.01,6.89,255.86,34.94,254.78,279.74,7.47
1771419600,5,912.86,0.0,5.72,242.45,30.83,250.97,275.73,6.32
1771423200,5,910.56,0.0,4.94,230.28,26.52,247.49,272.44,5.48
1771426800,5,899.93,0.0,4.43,218.03,22.58,241.83,266.6,4.79
1771430400,5,880.81,0.0,4.09,206.22,19.06,234.23,258.43,4.27
1771434000,5,867.91,0.0,3.88,196.65,16.41,229.05,252.64,3.91
1771437600,5,852.34,0.0,3.55,187.91,14.37,224.54,247.03,3.56
1771441200,5,831.74,0.0,3.2,179.1,12.91,218.33,239.63,3.41
1771444800,5,822.85,0.0,2.97,172.13,11.81,214.52,235.07,3.36
1771448400,5,822.44,0.0,2.86,165.51,10.85,212.48,232.68,3.42
1771452000,5,837.84,0.0,2.95,157.57,9.99,211.73,232.17,3.65
1771455600,5,869.45,0.0,3.3,146.88,9.35,212.19,233.65,4.17
1771459200,5,915.61,0.0,3.94,134.12,8.96,213.63,236.77,4.83
1771462800,5,981.18,0.0,5.3,119.73,9.07,214.57,240.58,5.74
1771466400,5,1062.97,0.07,7.71,107.04,9.74,216.0,245.69,7.02
1771470000,5,1147.44,0.43,9.8,103.24,11.44,219.28,252.27,8.64
1771473600,5,1107.84,0.65,9.86,123.25,19.65,218.57,249.78,8.39
1771477200,5,1117.73,0.7,9.01,151.73,24.23,229.58,261.24,8.95
1771480800,5,1133.72,0.52,7.25,191.1,28.09,249.64,281.82,9.43
1771484400,5,1040.65,0.31,5.36,220.66,28.46,248.73,278.55,9.23
1771488000,5,1008.58,0.2,4.8,234.53,27.46,252.11,280.95,9.43
1771491600,5,998.57,0.14,5.15,241.59,27.66,255.9,284.3,9.62
1771495200,5,1005.18,0.09,5.97,241.02,26.92,258.56,286.82,9.69
1771498800,5,1020.87,0.04,6.8,233.55,24.22,261.04,289.27,9.21
1771502400,5,1032.07,0.01,6.75,225.92,21.81,263.57,291.33,8.18
1771506000,5,1014.89,0.0,5.32,221.08,20.58,262.57,289.08,6.71
1771509600,5,985.6,0.0,4.28,216.79,19.86,258.85,284.27,5.49
1771513200,5,947.47,0.0,3.59,212.08,18.76,253.85,278.0,4.28
1771516800,5,900.6,0.0,3.12,206.27,17.32,245.12,267.78,3.56
1771520400,5,862.1,0.0,2.82,200.99,15.65,237.43,258.81,3.14
1771524000,5,824.49,0.0,2.5,195.54,13.89,230.13,249.98,2.76
1771527600,5,789.76,0.0,2.22,189.59,12.21,224.15,242.6,2.36
1771531200,5,767.47,0.0,2.05,183.75,10.71,220.11,237.66,2.2
1771534800,5,754.69,0.0,1.99,177.75,9.38,218.26,235.26,2.04
1771538400,5,752.84,0.0,2.04,170.37,8.13,217.24,234.03,2.11
1771542000,5,765.76,0.0,2.24,160.15,6.88,217.32,234.3,2.41
1771545600,5,788.5,0.0,2.6,148.33,5.91,218.51,235.99,2.74
1771549200,5,825.04,0.0,3.45,135.87,5.5,220.21,239.12,3.31
1771552800,5,869.58,0.03,4.94,125.98,5.67,221.85,242.72,4.06
1771556400,5,901.19,0.21,6.03,124.8,6.57,223.64,246.09,4.51
1771560000,5,896.19,0.37,6.09,141.08,9.04,225.08,248.38,3.97
1771563600,5,913.22,0.43,5.94,160.03,11.4,229.33,254.01,4.33
1771567200,5,946.88,0.38,5.48,186.58,14.1,242.79,268.97,4.76
1771570800,5,976.8,0.3,4.97,216.39,16.1,263.21,290.53,4.76
1771574400,5,967.57,0.24,4.53,234.75,16.09,276.45,303.76,4.55
1771578000,5,952.24,0.19,4.61,246.45,15.88,285.07,312.04,4.09
1771581600,5,936.72,0.14,5.2,250.33,15.39,288.07,314.53,3.95
1771585200,5,922.86,0.07,6.27,242.35,14.25,285.84,311.72,4.13
1771588800,5,910.62,0.01,6.89,230.12,12.85,281.95,307.33,4.09
1771592400,5,897.05,0.0,6.0,219.07,11.27,277.36,302.48,3.81
1771596000,5,884.24,0.0,5.07,212.07,9.65,274.83,299.83,3.11
1771599600,5,862.84,0.0,4.21,206.11,8.09,270.18,294.39,2.43
1771603200,5,827.63,0.0,3.52,199.05,6.76,260.63,283.26,2.0
1771606800,5,797.41,0.0,3.09,193.6,5.89,253.66,274.86,1.55
1771610400,5,764.07,0.0,2.65,189.37,5.26,246.82,266.33,1.18
1771614000,5,717.59,0.0,2.08,188.89,5.07,237.69,255.41,0.79
1771617600,5,685.07,0.0,1.74,186.52,4.68,230.82,247.45,0.72
1771621200,5,672.72,0.0,1.62,180.78,4.31,226.41,242.54,0.83
1771624800,5,678.14,0.0,1.69,172.23,4.24,223.78,239.89,0.99
1771628400,5,698.51,0.0,1.94,161.01,4.43,223.35,239.8,1.23
1771632000,5,730.0,0.0,2.36,148.49,4.78,224.1,241.09,1.57
1771635600,5,771.92,0.0,3.08,134.97,5.52,224.89,243.04,2.1
1771639200,5,826.21,0.02,4.4,123.15,7.26,226.52,246.2,2.72
1771642800,5,880.2,0.22,5.76,116.8,11.48,227.97,249.26,3.23
1771646400,5,918.71,0.48,6.62,125.51,22.44,229.3,251.84,2.94
1771650000,5,975.25,0.56,6.82,140.62,28.6,237.42,261.46,3.61
1771653600,5,1029.94,0.45,6.14,167.5,32.13,253.63,279.19,4.59
1771657200,5,1005.83,0.31,4.94,196.58,35.64,259.66,284.87,4.91
1771660800,5,947.37,0.23,4.09,210.95,33.36,259.06,282.97,4.63
1771664400,5,902.23,0.18,3.96,218.75,30.72,255.94,278.75,4.72
1771668000,5,873.69,0.13,4.38,220.85,28.68,252.23,274.31,4.92
1771671600,5,859.3,0.07,5.28,215.26,26.86,247.32,268.92,5.38
1771675200,5,856.62,0.01,5.87,206.56,25.44,244.24,265.79,5.67
1771678800,5,854.78,0.0,5.31,195.58,23.25,242.2,263.98,5.2
1771682400,5,858.24,0.0,4.85,186.02,20.96,241.61,263.98,4.8
1771686000,5,861.94,0.0,4.52,176.88,18.79,241.48,264.46,4.49
1771689600,5,858.04,0.0,4.14,168.29,16.37,240.38,263.59,3.92
1771693200,5,855.24,0.0,3.66,163.94,13.85,242.2,265.15,3.03
1771696800,5,846.29,0.0,3.01,161.95,11.57,244.47,266.26,2.26
1771700400,5,829.43,0.0,2.36,161.12,9.79,246.37,266.58,1.74
1771704000,5,814.58,0.0,1.93,159.91,8.43,248.03,266.92,1.41
1771707600,5,800.69,0.0,1.67,157.54,7.52,248.41,266.33,1.19
1771711200,5,781.72,0.0,1.45,158.33,8.71,246.57,263.85,0.83
1771714800,5,784.65,0.0,1.53,153.22,8.38,244.88,261.8,0.91
1771718400,5,797.3,0.0,1.76,145.96,8.43,242.23,259.13,1.1
1771894800,5,358.74,0.0,1.35,88.9,1.67,101.11,110.83,0.61
1771898400,5,371.16,0.01,2.07,83.85,2.45,96.45,106.3,0.86
1771902000,5,383.01,0.04,2.75,81.31,3.46,93.76,103.69,1.06
1771905600,5,396.04,0.03,3.44,79.88,4.26,92.23,102.54,1.49
1771909200,5,420.97,0.09,4.36,78.14,5.13,93.32,104.9,2.47
1771912800,5,444.84,0.15,5.17,78.85,6.27,94.66,107.18,3.39
1771916400,5,469.56,0.16,5.93,83.08,7.24,96.64,109.97,4.24
1771920000,5,488.6,0.11,6.54,86.01,7.63,99.3,113.24,4.9
1771923600,5,502.2,0.07,7.05,87.4,8.0,101.75,116.0,5.44
1771927200,5,513.08,0.13,7.42,88.57,8.19,104.25,118.85,5.93
1771930800,5,520.21,0.13,7.89,88.73,7.93,106.27,121.14,6.22
1771934400,5,521.57,0.03,8.22,87.19,7.26,106.79,121.66,6.24
1771938000,5,517.65,0.0,7.63,84.94,6.09,106.61,121.42,5.46
1771941600,5,512.55,0.0,6.71,83.18,4.96,106.25,120.96,4.4
1771945200,5,499.27,0.0,5.62,81.75,4.0,104.83,118.96,3.46
1771948800,5,480.79,0.0,4.64,79.89,3.2,101.59,114.8,2.77
1771952400,5,467.29,0.0,3.99,78.33,2.58,98.92,111.41,2.38
1771956000,5,454.25,0.0,3.43,76.55,2.03,96.86,108.32,2.01
1771959600,5,446.93,0.0,3.01,74.0,1.62,95.26,105.38,1.81
1771963200,5,447.7,0.0,2.81,71.02,1.39,94.25,103.69,1.79
1771966800,5,455.58,0.0,2.76,68.05,1.33,94.08,103.24,1.79
1771970400,5,479.69,0.0,2.98,64.26,1.37,94.99,104.2,1.94
1771974000,5,523.54,0.0,3.5,59.03,1.42,98.25,107.63,2.06
1771977600,5,577.46,0.0,4.24,53.52,1.57,103.2,112.95,2.1
1771981200,5,642.21,0.0,5.44,48.33,2.06,107.39,118.64,2.51
1771984800,5,709.9,0.14,6.99,45.06,2.87,112.71,126.5,2.84
1771988400,5,766.21,0.71,7.64,48.15,4.07,119.5,135.36,3.2
1771992000,5,727.5,0.69,6.82,70.62,9.94,124.99,139.83,2.26
1771995600,5,748.69,0.71,6.77,89.59,14.78,136.36,152.14,2.22
1771999200,5,781.66,0.62,6.33,114.42,19.8,153.9,170.74,2.41
1772002800,5,762.46,0.42,5.46,144.55,23.96,165.8,182.17,2.33
1772006400,5,735.55,0.3,4.84,162.22,26.37,171.53,187.31,2.2
1772010000,5,720.68,0.23,4.76,172.24,27.52,175.16,190.61,2.19
1772013600,5,725.55,0.17,5.34,176.26,27.26,179.89,195.48,2.03
1772017200,5,737.84,0.09,6.25,173.96,24.83,181.73,197.56,2.23
1772020800,5,742.39,0.01,6.58,168.54,21.77,180.08,195.64,2.4
1772024400,5,734.45,0.0,5.59,162.01,18.64,178.43,193.52,2.07
1772028000,5,716.09,0.0,4.52,155.69,15.59,175.32,189.71,1.58
1772031600,5,684.71,0.0,3.53,149.8,12.84,169.6,182.86,1.04
1772035200,5,632.9,0.0,2.69,144.34,10.43,159.65,171.73,0.34
1772038800,5,603.45,0.0,2.42,137.84,7.88,152.85,164.89,0.25
1772042400,5,584.56,0.0,2.26,130.86,5.95,147.29,159.35,0.39
1772046000,5,571.22,0.0,2.24,124.53,4.86,141.13,153.2,0.84
1772049600,5,572.19,0.0,2.4,117.64,4.14,136.8,149.31,1.54
1772053200,5,588.84,0.0,2.76,110.41,3.87,134.1,147.37,2.4
1772056800,5,622.62,0.0,3.34,101.67,4.0,133.55,147.92,3.19
1772060400,5,669.18,0.0,4.03,93.51,4.35,135.22,150.98,3.63
1772064000,5,721.41,0.0,4.85,85.94,5.1,138.08,155.41,3.89
1772067600,5,783.81,0.0,6.11,79.03,6.66,141.71,161.06,4.3
1772071200,5,832.87,0.12,7.73,74.14,8.96,142.33,163.41,4.78
1772074800,5,842.29,0.63,8.04,78.87,13.57,141.48,162.91,4.78
1772078400,5,773.51,0.74,7.07,103.26,26.14,140.75,160.42,3.62
1772082000,5,776.85,0.62,6.01,128.16,29.45,150.06,170.3,4.01
1772085600,5,788.64,0.43,4.81,156.45,31.73,166.68,187.78,4.62
1772089200,5,751.58,0.29,3.71,179.7,30.52,173.21,193.71,5.08
1772092800,5,723.12,0.22,3.25,192.67,28.58,178.98,198.72,4.96
1772096400,5,702.23,0.18,3.26,199.53,27.0,182.03,201.15,4.88
1772100000,5,692.04,0.15,3.76,200.05,25.13,182.85,201.57,4.76
1772103600,5,690.75,0.09,4.54,192.13,22.56,182.66,201.11,4.26
1772107200,5,681.72,0.02,4.76,181.98,19.72,179.07,196.91,3.56
1772110800,5,654.8,0.0,3.82,171.84,17.01,171.23,188.06,2.76
1772114400,5,627.33,0.0,3.16,162.61,14.49,163.83,179.99,2.11
1772118000,5,587.91,0.0,2.6,154.33,12.32,153.08,168.24,1.73
1772121600,5,537.26,0.0,2.15,145.97,10.16,139.85,153.64,1.43
1772125200,5,492.52,0.0,1.84,137.87,8.07,129.21,141.77,1.09
1772128800,5,451.15,0.0,1.53,130.47,6.22,119.7,130.95,0.79
1772132400,5,410.07,0.0,1.21,122.96,4.82,109.66,119.65,0.54
1772136000,5,376.87,0.0,0.98,115.77,3.68,100.81,109.93,0.4
1772139600,5,351.12,0.0,0.82,108.86,2.81,93.33,101.87,0.28
1772143200,5,331.3,0.0,0.75,103.61,2.35,86.65,94.71,0.22
1772146800,5,326.13,0.0,0.86,97.75,1.98,82.65,90.57,0.36
1772150400,5,331.36,0.0,1.1,92.22,1.83,80.36,88.43,0.54
1772154000,5,347.22,0.0,1.65,87.27,2.04,79.39,88.06,0.83
1772157600,5,369.77,0.03,2.56,84.24,2.55,79.61,89.39,1.17
1772161200,5,392.01,0.18,3.22,83.72,3.31,80.6,91.28,1.51
1772164800,5,402.18,0.33,3.3,94.19,5.21,81.58,92.86,1.86
1772168400,5,417.35,0.37,3.1,106.28,6.67,85.74,97.87,2.26
1772172000,5,430.95,0.3,2.61,119.99,7.49,94.32,107.0,2.46
1772175600,5,449.05,0.23,2.2,133.59,8.07,106.46,119.63,2.69
1772179200,5,461.27,0.2,2.16,142.95,8.19,116.89,130.36,2.76
1772182800,5,464.77,0.18,2.38,148.28,8.02,122.9,136.46,2.82
1772186400,5,467.42,0.16,2.87,150.05,7.66,125.62,139.25,2.9
1772190000,5,459.38,0.11,3.47,145.03,6.71,123.13,136.48,2.74
1772193600,5,441.95,0.02,3.66,137.24,5.45,118.32,131.02,2.05
1772197200,5,419.49,0.0,3.04,129.26,4.24,113.72,125.88,1.24
1772200800,5,401.02,0.0,2.6,122.12,3.22,109.72,121.69,0.81
1772204400,5,379.44,0.0,2.13,116.4,2.39,105.63,117.2,0.38
1772208000,5,351.14,0.0,1.64,112.63,1.81,101.11,112.07,0.02
1772211600,5,329.99,0.0,1.3,110.68,1.44,98.12,108.5,0.0
1772215200,5,312.02,0.0,1.02,109.37,1.15,96.05,105.9,0.0
1772218800,5,300.11,0.0,0.78,108.88,1.0,94.56,104.25,0.0
1772222400,5,298.43,0.0,0.72,108.0,1.03,93.85,103.79,0.0
1772226000,5,305.78,0.0,0.79,106.9,1.3,93.8,104.42,0.0
1772229600,5,321.99,0.0,1.02,104.38,1.57,94.89,106.45,0.15
1772233200,5,345.1,0.0,1.36,99.99,1.69,96.68,109.14,0.52
1772236800,5,370.56,0.0,1.73,95.44,1.81,98.72,111.75,0.79
1772240400,5,395.07,0.0,2.22,91.28,2.07,100.2,114.0,1.04
1772244000,5,416.88,0.04,2.89,88.72,2.49,101.33,116.12,1.28
1772247600,5,428.57,0.23,3.0,90.39,3.07,102.02,117.4,1.45
1772251200,5,419.69,0.29,2.46,100.19,3.95,102.31,117.44,1.58
1772254800,5,410.2,0.23,1.88,110.21,4.25,104.67,119.61,1.88
1772258400,5,398.56,0.17,1.47,118.49,4.14,108.06,122.77,2.18
1772262000,5,387.02,0.14,1.31,124.6,3.97,110.94,125.45,2.32
1772265600,5,370.69,0.13,1.27,125.78,3.48,111.05,125.36,2.12
1772269200,5,350.83,0.12,1.29,123.81,2.87,108.92,122.85,1.73
1772272800,5,333.03,0.1,1.39,121.04,2.33,106.09,119.61,1.25
1772276400,5,315.6,0.06,1.57,116.9,1.85,102.48,115.38,0.76
1772280000,5,296.22,0.01,1.56,112.7,1.48,98.75,110.92,0.27
1772283600,5,281.12,0.0,1.23,110.09,1.28,95.99,107.57,0.0
1772287200,5,274.77,0.0,1.03,108.39,1.23,95.12,106.43,0.0
1772290800,5,272.46,0.0,0.87,107.35,1.22,95.07,106.36,0.0
1772294400,5,270.9,0.0,0.75,106.22,1.2,95.45,106.85,0.0
1772298000,5,271.07,0.0,0.68,105.41,1.14,96.57,108.15,0.0
1772301600,5,271.42,0.0,0.63,104.42,1.04,97.69,109.12,0.0
1772305200,5,272.16,0.0,0.6,104.41,1.11,98.17,109.65,0.0
1772308800,5,276.41,0.0,0.64,104.62,1.33,99.09,110.99,0.0
1772312400,5,283.37,0.0,0.75,104.49,1.59,100.32,112.86,0.0
1772316000,5,291.07,0.0,0.87,105.5,1.88,101.33,114.08,0.0
1772319600,5,296.58,0.0,0.96,105.43,2.03,102.34,115.08,0.0
1772323200,5,299.39,0.0,1.01,104.93,2.07,103.18,115.7,0.0
1772413200,5,290.64,0.0,1.72,92.92,2.09,94.66,114.22,1.71
1772416800,5,325.32,0.02,3.08,88.11,2.51,96.66,116.77,3.46
1772420400,5,369.88,0.18,4.48,83.71,3.24,100.36,121.14,5.5
1772424000,5,408.89,0.45,5.0,84.28,4.24,105.29,126.53,7.17
1772427600,5,425.03,0.49,4.48,93.29,5.15,111.24,132.42,7.38
1772431200,5,426.7,0.35,3.41,108.66,6.18,120.07,140.66,6.79
1772434800,5,432.95,0.25,2.73,126.49,7.34,132.09,152.63,6.64
1772438400,5,443.31,0.21,2.68,139.51,7.8,140.16,161.0,8.0
1772442000,5,447.29,0.18,2.95,147.02,8.19,146.01,167.02,8.89
1772445600,5,453.09,0.16,3.61,150.07,8.5,148.61,169.81,9.92
1772449200,5,463.86,0.1,4.81,145.39,8.43,148.91,170.4,10.89
1772452800,5,477.81,0.02,5.96,136.07,7.87,148.21,170.06,11.04
1772456400,5,492.41,0.0,6.08,126.2,6.87,147.02,169.48,9.64
1772460000,5,503.48,0.0,5.67,118.86,5.86,147.11,170.1,8.24
1772463600,5,500.25,0.0,4.92,113.43,4.81,146.59,169.35,6.82
1772467200,5,476.18,0.0,3.95,109.11,3.93,143.02,164.79,5.39
1772470800,5,457.31,0.0,3.33,105.31,3.24,139.67,160.78,4.45
1772474400,5,451.49,0.0,3.01,100.78,2.67,136.89,157.43,4.15
1772478000,5,466.3,0.0,3.11,95.02,2.34,134.42,154.24,4.75
1772481600,5,498.53,0.0,3.53,89.26,2.31,134.85,154.65,5.66
1772485200,5,544.23,0.0,4.14,84.34,2.82,137.87,158.86,6.71
1772488800,5,605.7,0.0,5.07,79.18,3.87,141.03,163.39,8.23
1772492400,5,671.81,0.0,6.26,73.45,5.02,143.29,166.94,9.84
1772496000,5,731.53,0.0,7.56,68.44,6.85,144.07,169.14,12.11
1772499600,5,786.86,0.0,9.44,63.8,10.02,143.74,170.86,14.74
1772503200,5,833.21,0.32,11.75,62.09,14.72,142.46,172.09,16.4
1772506800,5,861.7,1.26,12.41,71.96,21.16,143.51,175.15,17.66
1772510400,5,876.98,1.46,11.76,98.8,27.96,152.87,185.93,19.02
1772514000,5,889.92,0.97,9.46,138.76,30.23,175.57,209.46,20.29
1772517600,5,899.27,0.51,6.53,182.31,31.59,206.75,241.22,21.39
1772521200,5,901.52,0.31,4.85,217.89,33.15,233.08,268.03,22.29
1772524800,5,877.1,0.24,4.2,237.14,33.01,245.0,279.62,22.18
1772528400,5,841.79,0.2,4.1,242.44,30.92,245.26,279.13,21.03
1772532000,5,791.58,0.17,4.33,235.94,26.95,235.99,269.02,17.65
1772535600,5,725.87,0.1,4.67,217.35,21.24,218.59,249.62,12.79
1772539200,5,642.7,0.02,4.41,193.08,16.44,196.85,225.42,8.34
1772542800,5,553.75,0.0,3.13,169.49,12.72,174.55,201.14,5.5
1772546400,5,496.62,0.0,2.53,150.43,9.31,159.23,185.0,4.38
1772550000,5,444.24,0.0,2.15,134.66,6.78,144.16,169.29,3.85
1772553600,5,394.84,0.0,1.89,121.02,4.88,130.49,154.92,3.28
1772557200,5,360.73,0.0,1.75,111.36,3.65,120.77,144.69,2.96
1772560800,5,336.53,0.0,1.61,104.75,2.77,113.57,136.81,2.89
1772564400,5,325.39,0.0,1.57,98.88,2.14,108.76,131.07,3.2
1772568000,5,329.69,0.0,1.71,93.56,1.72,107.08,128.61,3.77
1772571600,5,346.53,0.0,1.97,88.9,1.52,108.02,129.25,4.37
1772575200,5,378.43,0.0,2.35,84.16,1.48,111.19,132.54,5.06
1772578800,5,416.33,0.0,2.84,79.24,1.51,114.96,136.84,5.77
1772582400,5,455.48,0.0,3.52,74.14,1.68,117.66,140.2,6.65
1772586000,5,504.51,0.0,4.78,69.49,2.33,120.28,144.21,8.08
1772589600,5,558.92,0.17,6.48,66.63,3.54,122.41,148.88,10.55
1772593200,5,606.54,0.84,7.17,70.0,5.28,125.38,153.9,13.23
1772596800,5,610.69,1.01,6.76,89.4,8.72,128.18,157.99,14.76
1772600400,5,611.59,0.65,5.48,114.28,10.98,138.93,169.13,15.59
1772604000,5,610.25,0.33,3.74,140.37,12.22,157.04,187.38,16.05
1772607600,5,612.6,0.21,2.85,159.87,13.08,174.16,204.46,16.44
1772611200,5,600.9,0.18,2.64,168.99,12.94,181.99,211.82,16.37
1772614800,5,573.88,0.16,2.71,171.36,12.04,181.23,210.29,15.82
1772618400,5,543.89,0.14,3.04,166.48,10.66,175.64,203.9,14.4
1772622000,5,506.6,0.09,3.52,154.32,8.68,165.43,192.49,11.26
1772625600,5,459.8,0.02,3.57,140.34,6.8,152.28,177.81,7.64
1772629200,5,414.86,0.0,2.88,128.02,5.27,139.32,163.46,5.19
1772632800,5,387.93,0.0,2.59,117.58,4.07,129.87,153.29,4.34
1772636400,5,365.48,0.0,2.36,109.75,3.32,122.6,145.33,3.82
1772640000,5,343.42,0.0,2.15,103.41,2.84,115.66,137.71,3.54
1772643600,5,327.69,0.0,2.03,98.95,2.52,110.91,132.43,3.41
1772647200,5,313.06,0.0,1.84,96.36,2.22,107.79,128.62,3.3
1772650800,5,299.47,0.0,1.55,95.28,2.04,105.68,125.81,3.02
1772654400,5,289.35,0.0,1.33,94.74,1.92,104.03,123.38,2.85
1772658000,5,281.53,0.0,1.19,94.43,1.84,102.87,121.56,2.74
1772661600,5,281.29,0.0,1.18,93.21,1.76,101.94,119.8,3.18
1772665200,5,289.54,0.0,1.32,90.91,1.7,100.82,117.6,4.09
1772668800,5,303.59,0.0,1.6,88.38,1.76,99.91,115.97,5.16
1772672400,5,326.94,0.0,2.22,85.12,2.12,100.53,117.08,6.37
1772676000,5,353.61,0.02,3.13,81.87,2.49,101.48,119.83,7.08
1772679600,5,373.89,0.18,3.52,81.41,2.67,101.49,121.59,7.0
1772683200,5,347.05,0.25,2.59,91.68,2.86,100.09,121.33,5.34
1772686800,5,357.13,0.26,2.35,100.51,3.38,103.12,125.34,7.0
1772690400,5,374.79,0.22,2.1,111.44,3.94,109.87,132.78,9.16
1772694000,5,396.3,0.19,1.99,124.33,4.55,120.08,143.85,11.34
1772697600,5,404.99,0.17,2.04,132.97,4.77,126.95,151.23,12.79
1772701200,5,404.42,0.16,2.24,136.86,4.78,129.25,153.75,13.58
1772704800,5,398.37,0.15,2.67,136.52,4.68,128.27,152.92,13.66
1772708400,5,376.81,0.09,3.21,128.61,4.2,121.6,146.0,11.69
1772712000,5,336.28,0.02,3.22,118.32,3.53,109.93,133.88,8.02
1772715600,5,293.28,0.0,2.52,110.3,2.99,97.94,121.73,4.72
1772719200,5,272.93,0.0,2.28,105.24,2.71,90.48,114.71,3.58
1772722800,5,258.07,0.0,2.07,102.31,2.52,85.36,110.07,2.81
1772726400,5,243.17,0.0,1.82,100.51,2.34,80.35,105.42,2.37
1772730000,5,229.43,0.0,1.61,98.88,2.14,76.27,101.54,2.14
1772733600,4,216.03,0.0,1.37,97.38,1.88,73.16,98.38,1.92
1772737200,4,202.77,0.0,1.1,96.54,1.71,70.3,95.37,1.68
1772740800,4,195.6,0.0,0.97,95.38,1.62,68.29,92.95,1.74
1772744400,4,191.85,0.0,0.91,94.48,1.6,67.03,91.33,1.87
1772748000,4,190.07,0.0,0.87,93.95,1.64,66.04,90.17,1.93
1772751600,4,188.26,0.0,0.87,93.18,1.69,64.87,88.85,1.99
1772755200,4,186.69,0.0,0.91,92.29,1.72,63.35,87.18,2.06
1772758800,4,194.87,0.0,1.57,89.12,1.98,60.36,83.09,3.28
1772762400,4,225.67,0.03,3.17,84.6,2.38,60.71,84.94,5.46
1772766000,4,257.51,0.22,4.47,82.5,2.98,61.47,87.57,8.04
1772769600,4,282.53,0.44,4.61,87.88,3.72,63.12,91.16,10.93
1772773200,4,292.29,0.42,3.76,98.52,4.11,65.85,94.92,12.6
1772776800,4,290.93,0.29,2.75,109.59,4.16,69.74,99.39,13.18
1772780400,4,286.79,0.22,2.27,116.2,4.1,73.08,103.08,13.3
1772784000,4,277.24,0.2,2.1,117.24,3.86,73.44,103.32,12.49
1772787600,4,262.6,0.18,2.13,113.07,3.49,71.18,100.58,10.88
1772791200,4,249.05,0.17,2.42,106.21,3.09,68.1,97.05,9.04
1772794800,4,236.73,0.11,2.88,98.37,2.65,64.96,93.34,6.74
1772798400,4,219.47,0.02,2.79,92.78,2.3,62.43,90.17,4.43
1772802000,4,197.63,0.0,1.79,90.96,2.05,60.68,87.87,2.36
1772805600,4,190.74,0.0,1.37,90.12,1.93,60.24,87.33,1.76
1772809200,4,184.01,0.0,1.03,90.12,1.82,60.11,87.2,1.24
1772812800,4,177.4,0.0,0.75,90.99,1.73,60.09,87.15,0.73
1772816400,4,174.96,0.0,0.65,91.69,1.66,60.27,87.43,0.54
1772820000,4,171.82,0.0,0.56,92.08,1.56,60.32,87.55,0.39
1772823600,4,169.74,0.0,0.45,92.63,1.46,60.5,87.89,0.27
1772827200,4,169.41,0.0,0.38,93.7,1.42,60.81,88.44,0.2
1772830800,4,169.97,0.0,0.34,95.31,1.41,61.25,89.27,0.13
1772834400,4,171.43,0.0,0.32,96.85,1.44,61.74,90.05,0.06
1772838000,4,173.08,0.0,0.33,98.02,1.46,62.07,90.53,0.01
1772841600,4,175.09,0.0,0.35,98.59,1.48,62.31,90.67,0.0
1772845200,4,180.42,0.0,0.57,97.62,1.54,62.31,90.47,0.4
1772848800,4,192.24,0.01,1.17,95.49,1.69,62.11,90.42,1.42
1772852400,4,204.41,0.07,1.59,94.19,1.89,61.68,90.38,2.43
1772856000,4,210.89,0.12,1.54,95.38,2.08,61.26,90.22,3.24
1772859600,4,211.5,0.13,1.23,98.13,2.14,60.9,89.83,3.59
1772863200,4,209.63,0.11,0.99,99.98,2.12,60.62,89.35,3.75
1772866800,4,206.83,0.1,0.89,100.13,2.07,60.21,88.76,3.64
1772870400,4,202.4,0.09,0.86,98.44,1.99,59.14,87.46,3.28
1772874000,4,198.15,0.08,0.89,95.78,1.9,57.72,85.73,2.9
1772877600,4,195.27,0.07,0.97,92.96,1.81,56.32,84.09,2.49
1772881200,4,192.18,0.04,1.11,89.75,1.69,54.8,82.25,2.02
1772884800,4,188.2,0.01,1.15,86.7,1.57,53.2,80.3,1.5
1772888400,4,184.27,0.0,0.96,84.49,1.45,51.57,78.16,1.06
1772892000,3,182.32,0.0,0.82,82.37,1.34,49.83,75.76,0.93
1772895600,3,179.66,0.0,0.68,81.01,1.22,47.98,73.08,0.74
1772899200,3,175.18,0.0,0.49,80.0,1.03,46.2,70.21,0.4
1772902800,3,173.3,0.0,0.41,78.74,0.9,44.36,66.97,0.37
1772906400,3,171.59,0.0,0.35,77.4,0.78,42.36,63.5,0.41
1772910000,3,170.71,0.0,0.3,76.65,0.68,40.42,59.99,0.45
1772913600,3,171.03,0.0,0.27,75.95,0.61,38.63,56.54,0.49
1772917200,3,172.05,0.0,0.26,74.64,0.56,36.99,53.23,0.54
1772920800,3,174.19,0.0,0.31,72.76,0.63,35.54,50.09,0.69
1772924400,3,178.69,0.0,0.47,71.13,0.82,34.39,47.7,0.94
1772928000,3,184.26,0.0,0.69,69.34,1.08,33.37,46.27,1.13
1772931600,3,195.27,0.0,1.18,66.63,1.34,32.83,46.14,1.84
1772935200,3,214.0,0.04,2.09,63.36,1.64,32.95,47.3,3.14
1772938800,3,231.66,0.25,2.57,62.07,2.0,33.28,48.81,4.55
1772942400,3,244.11,0.37,2.44,66.21,2.32,34.0,50.53,6.08
1772946000,3,251.16,0.3,2.09,73.65,2.43,35.65,52.78,7.47
1772949600,3,253.79,0.22,1.8,79.8,2.39,37.79,55.13,8.63
1772953200,3,250.74,0.19,1.69,82.6,2.23,38.98,56.33,9.05
1772956800,3,239.03,0.17,1.59,81.61,1.93,38.41,55.49,8.15
1772960400,3,220.49,0.14,1.46,78.28,1.58,36.56,53.21,6.54
1772964000,3,201.94,0.11,1.32,74.26,1.26,34.72,51.11,4.73
1772967600,3,189.85,0.08,1.36,71.11,1.02,33.81,50.3,3.45
1772971200,3,180.58,0.02,1.33,69.17,0.86,33.68,50.56,2.42
1772974800,3,173.46,0.0,1.04,69.21,0.76,34.13,51.67,1.7
1772978400,3,170.42,0.0,0.85,69.94,0.72,35.05,53.34,1.39
1772982000,3,167.39,0.0,0.68,70.68,0.66,35.91,54.92,1.1
1772985600,3,164.12,0.0,0.53,71.47,0.59,36.62,56.25,0.84
1772989200,3,162.41,0.0,0.45,72.48,0.54,37.29,57.47,0.74
1772992800,3,159.98,0.0,0.37,73.79,0.48,38.02,58.66,0.67
1772996400,3,159.1,0.0,0.32,75.6,0.47,38.9,60.13,0.62
1773000000,3,159.78,0.0,0.31,77.93,0.51,40.02,61.87,0.62
1773003600,3,161.33,0.0,0.33,80.34,0.58,41.2,63.58,0.64
1773007200,3,164.38,0.0,0.4,82.63,0.7,42.28,64.76,0.65
1773010800,3,168.05,0.0,0.49,83.83,0.85,43.2,65.69,0.68
1773014400,3,171.72,0.0,0.6,83.83,0.99,43.95,67.04,0.74
1773018000,3,177.28,0.0,0.84,82.35,1.22,44.4,67.39,0.97
1773021600,3,186.32,0.02,1.3,80.46,1.45,44.82,67.52,1.43
1773025200,3,194.11,0.09,1.54,79.55,1.62,45.17,67.82,1.88
1773028800,3,198.81,0.14,1.4,81.11,1.69,45.66,68.73,2.31
1773032400,3,200.94,0.14,1.14,84.53,1.68,46.48,69.95,2.7
1773036000,3,200.96,0.13,0.95,87.34,1.62,47.43,70.91,3.08
1773039600,3,199.71,0.12,0.87,88.84,1.51,48.25,71.54,3.23
1773043200,3,195.28,0.11,0.84,87.55,1.34,48.22,71.11,2.97
1773046800,3,189.98,0.1,0.84,84.89,1.18,47.79,70.32,2.65
1773050400,3,186.22,0.09,0.91,82.15,1.05,47.51,69.77,2.3
1773054000,3,182.59,0.06,1.08,79.61,0.94,47.24,69.3,1.89
